--
-- PostgreSQL database dump
--

-- Dumped from database version 15.8
-- Dumped by pg_dump version 15.4 (Debian 15.4-3)

SET statement_timeout = 0;
SET lock_timeout = 0;
SET idle_in_transaction_session_timeout = 0;
SET client_encoding = 'UTF8';
SET standard_conforming_strings = on;
SELECT pg_catalog.set_config('search_path', '', false);
SET check_function_bodies = false;
SET xmloption = content;
SET client_min_messages = warning;
SET row_security = off;

--
-- Name: public; Type: SCHEMA; Schema: -; Owner: -
--

CREATE SCHEMA public;


--
-- Name: SCHEMA public; Type: COMMENT; Schema: -; Owner: -
--

COMMENT ON SCHEMA public IS 'standard public schema';


--
-- Name: notification_status; Type: TYPE; Schema: public; Owner: -
--

CREATE TYPE public.notification_status AS ENUM (
    'sent',
    'delivered',
    'read'
);


--
-- Name: notification_type; Type: TYPE; Schema: public; Owner: -
--

CREATE TYPE public.notification_type AS ENUM (
    'text',
    'product',
    'order',
    'system'
);


--
-- Name: order_status; Type: TYPE; Schema: public; Owner: -
--

CREATE TYPE public.order_status AS ENUM (
    'pending',
    'shipped',
    'delivered'
);


--
-- Name: order_status_enum; Type: TYPE; Schema: public; Owner: -
--

CREATE TYPE public.order_status_enum AS ENUM (
    'pending',
    'shipped',
    'delivered'
);


--
-- Name: get_or_create_conversation(uuid, uuid, boolean); Type: FUNCTION; Schema: public; Owner: -
--

CREATE FUNCTION public.get_or_create_conversation(p_user_id uuid, p_admin_id uuid, p_is_broadcast boolean DEFAULT false) RETURNS uuid
    LANGUAGE plpgsql
    AS $$
DECLARE
    v_conversation_id UUID;
BEGIN
    -- Try to find existing conversation
    SELECT id INTO v_conversation_id
    FROM public.conversations
    WHERE 
        user_id = p_user_id 
        AND admin_id = p_admin_id
        AND is_broadcast = p_is_broadcast;

    -- If not found, create new conversation
    IF v_conversation_id IS NULL THEN
        INSERT INTO public.conversations (
            user_id,
            admin_id,
            is_broadcast
        )
        VALUES (
            p_user_id,
            p_admin_id,
            p_is_broadcast
        )
        RETURNING id INTO v_conversation_id;
    END IF;

    RETURN v_conversation_id;
END;
$$;


--
-- Name: get_user_last_online(uuid); Type: FUNCTION; Schema: public; Owner: -
--

CREATE FUNCTION public.get_user_last_online(user_id uuid) RETURNS timestamp with time zone
    LANGUAGE plpgsql
    AS $_$
BEGIN
    RETURN (
        SELECT timestamp 
        FROM user_activity 
        WHERE user_id = $1
    );
END;
$_$;


--
-- Name: update_conversation_last_message(); Type: FUNCTION; Schema: public; Owner: -
--

CREATE FUNCTION public.update_conversation_last_message() RETURNS trigger
    LANGUAGE plpgsql
    AS $$
BEGIN
    UPDATE public.conversations
    SET 
        last_message = NEW.content,
        last_message_time = NEW.created_at,
        unread_count = unread_count + 1
    WHERE id = NEW.conversation_id;
    RETURN NEW;
END;
$$;


--
-- Name: update_product_quantities(uuid, integer); Type: FUNCTION; Schema: public; Owner: -
--

CREATE FUNCTION public.update_product_quantities(p_id uuid, ordered_quantity integer) RETURNS void
    LANGUAGE plpgsql
    AS $$
BEGIN
  UPDATE products 
  SET 
    quantity = quantity - ordered_quantity,
    sold_count = COALESCE(sold_count, 0) + ordered_quantity
  WHERE id = p_id;
END;
$$;


--
-- Name: update_updated_at_column(); Type: FUNCTION; Schema: public; Owner: -
--

CREATE FUNCTION public.update_updated_at_column() RETURNS trigger
    LANGUAGE plpgsql
    AS $$
BEGIN
    NEW.updated_at = now();
    RETURN NEW;
END;
$$;


--
-- Name: update_user_auth_phone(uuid, text); Type: FUNCTION; Schema: public; Owner: -
--

CREATE FUNCTION public.update_user_auth_phone(user_id uuid, phone_number text) RETURNS void
    LANGUAGE plpgsql SECURITY DEFINER
    SET search_path TO 'public'
    AS $$
begin
  update auth.users
  set phone = phone_number,
      phone_confirmed_at = now(),
      updated_at = now()
  where id = user_id;
end;
$$;


SET default_tablespace = '';

SET default_table_access_method = heap;

--
-- Name: banners; Type: TABLE; Schema: public; Owner: -
--

CREATE TABLE public.banners (
    id bigint NOT NULL,
    image_url text,
    sku text
);


--
-- Name: banners_id_seq; Type: SEQUENCE; Schema: public; Owner: -
--

ALTER TABLE public.banners ALTER COLUMN id ADD GENERATED BY DEFAULT AS IDENTITY (
    SEQUENCE NAME public.banners_id_seq
    START WITH 1
    INCREMENT BY 1
    NO MINVALUE
    NO MAXVALUE
    CACHE 1
);


--
-- Name: cart_products; Type: TABLE; Schema: public; Owner: -
--

CREATE TABLE public.cart_products (
    id uuid DEFAULT extensions.uuid_generate_v4() NOT NULL,
    user_id uuid,
    product_id uuid,
    quantity integer NOT NULL,
    created_at timestamp with time zone DEFAULT CURRENT_TIMESTAMP,
    updated_at timestamp with time zone,
    CONSTRAINT cart_products_quantity_check CHECK ((quantity > 0))
);


--
-- Name: categories; Type: TABLE; Schema: public; Owner: -
--

CREATE TABLE public.categories (
    id uuid DEFAULT gen_random_uuid() NOT NULL,
    title text NOT NULL,
    description text,
    icon text
);


--
-- Name: manual_order_items; Type: TABLE; Schema: public; Owner: -
--

CREATE TABLE public.manual_order_items (
    id uuid DEFAULT gen_random_uuid() NOT NULL,
    order_id uuid,
    product_id uuid,
    quantity integer NOT NULL,
    price numeric NOT NULL,
    created_at timestamp with time zone DEFAULT timezone('utc'::text, now()) NOT NULL
);


--
-- Name: manual_orders; Type: TABLE; Schema: public; Owner: -
--

CREATE TABLE public.manual_orders (
    id uuid DEFAULT gen_random_uuid() NOT NULL,
    customer_name text NOT NULL,
    customer_phone text,
    total_amount numeric NOT NULL,
    paid_amount numeric DEFAULT 0 NOT NULL,
    remaining_amount numeric DEFAULT 0 NOT NULL,
    status text DEFAULT 'pending'::text NOT NULL,
    created_at timestamp with time zone DEFAULT timezone('utc'::text, now()) NOT NULL
);


--
-- Name: notification_by_admin; Type: TABLE; Schema: public; Owner: -
--

CREATE TABLE public.notification_by_admin (
    id uuid DEFAULT extensions.uuid_generate_v4() NOT NULL,
    user_id uuid,
    message text NOT NULL,
    is_seen boolean DEFAULT false,
    created_at timestamp with time zone DEFAULT now(),
    admin_id uuid,
    type character varying(20) DEFAULT 'text'::character varying,
    reference_id text
);


--
-- Name: notifications; Type: TABLE; Schema: public; Owner: -
--

CREATE TABLE public.notifications (
    id uuid DEFAULT gen_random_uuid() NOT NULL,
    user_id uuid NOT NULL,
    title text,
    message text NOT NULL,
    type text,
    data jsonb,
    read boolean DEFAULT false,
    created_at timestamp with time zone DEFAULT now(),
    updated_at timestamp with time zone DEFAULT now(),
    sender_id uuid,
    notification_type public.notification_type DEFAULT 'text'::public.notification_type,
    reference_id text,
    status public.notification_status DEFAULT 'sent'::public.notification_status,
    is_admin_message boolean DEFAULT false
);


--
-- Name: order_items; Type: TABLE; Schema: public; Owner: -
--

CREATE TABLE public.order_items (
    order_item_id bigint NOT NULL,
    order_id bigint,
    product_id uuid,
    price numeric NOT NULL,
    quantity integer NOT NULL,
    created_at timestamp without time zone DEFAULT CURRENT_TIMESTAMP,
    updated_at timestamp without time zone DEFAULT CURRENT_TIMESTAMP
);


--
-- Name: order_items_order_item_id_seq; Type: SEQUENCE; Schema: public; Owner: -
--

CREATE SEQUENCE public.order_items_order_item_id_seq
    START WITH 1
    INCREMENT BY 1
    NO MINVALUE
    NO MAXVALUE
    CACHE 1;


--
-- Name: order_items_order_item_id_seq; Type: SEQUENCE OWNED BY; Schema: public; Owner: -
--

ALTER SEQUENCE public.order_items_order_item_id_seq OWNED BY public.order_items.order_item_id;


--
-- Name: order_status_logs; Type: TABLE; Schema: public; Owner: -
--

CREATE TABLE public.order_status_logs (
    log_id bigint NOT NULL,
    order_id bigint,
    status text NOT NULL,
    changed_at timestamp without time zone DEFAULT CURRENT_TIMESTAMP
);


--
-- Name: order_status_logs_log_id_seq; Type: SEQUENCE; Schema: public; Owner: -
--

CREATE SEQUENCE public.order_status_logs_log_id_seq
    START WITH 1
    INCREMENT BY 1
    NO MINVALUE
    NO MAXVALUE
    CACHE 1;


--
-- Name: order_status_logs_log_id_seq; Type: SEQUENCE OWNED BY; Schema: public; Owner: -
--

ALTER SEQUENCE public.order_status_logs_log_id_seq OWNED BY public.order_status_logs.log_id;


--
-- Name: orders; Type: TABLE; Schema: public; Owner: -
--

CREATE TABLE public.orders (
    order_id bigint NOT NULL,
    user_id uuid,
    status text NOT NULL,
    total_cost numeric NOT NULL,
    order_date timestamp with time zone DEFAULT CURRENT_TIMESTAMP,
    shipping_address text NOT NULL,
    city text NOT NULL,
    country text NOT NULL,
    zipcode text NOT NULL,
    created_at timestamp with time zone DEFAULT CURRENT_TIMESTAMP,
    updated_at timestamp with time zone DEFAULT CURRENT_TIMESTAMP,
    note text,
    paid_amount numeric DEFAULT '0'::numeric
);


--
-- Name: orders_order_id_seq; Type: SEQUENCE; Schema: public; Owner: -
--

CREATE SEQUENCE public.orders_order_id_seq
    START WITH 1
    INCREMENT BY 1
    NO MINVALUE
    NO MAXVALUE
    CACHE 1;


--
-- Name: orders_order_id_seq; Type: SEQUENCE OWNED BY; Schema: public; Owner: -
--

ALTER SEQUENCE public.orders_order_id_seq OWNED BY public.orders.order_id;


--
-- Name: products; Type: TABLE; Schema: public; Owner: -
--

CREATE TABLE public.products (
    id uuid DEFAULT gen_random_uuid() NOT NULL,
    title text NOT NULL,
    sku text NOT NULL,
    price numeric NOT NULL,
    image_url text,
    description text,
    category_id uuid,
    quantity integer NOT NULL,
    created_at timestamp with time zone DEFAULT now(),
    updated_at timestamp with time zone DEFAULT now(),
    vip boolean DEFAULT false,
    oldprice numeric,
    issold boolean,
    isnew boolean,
    sold_count integer DEFAULT 0,
    brand text,
    max smallint
);


--
-- Name: shipping_addresses; Type: TABLE; Schema: public; Owner: -
--

CREATE TABLE public.shipping_addresses (
    id uuid DEFAULT extensions.uuid_generate_v4() NOT NULL,
    user_id uuid,
    country text,
    city text,
    zip_code text,
    shipping_address text,
    created_at timestamp with time zone DEFAULT timezone('utc'::text, now())
);


--
-- Name: user_activity; Type: TABLE; Schema: public; Owner: -
--

CREATE TABLE public.user_activity (
    user_id uuid NOT NULL,
    activity_type text,
    "timestamp" timestamp with time zone DEFAULT now(),
    created_at timestamp with time zone DEFAULT now()
);


--
-- Name: users; Type: TABLE; Schema: public; Owner: -
--

CREATE TABLE public.users (
    id uuid NOT NULL,
    is_vip boolean DEFAULT false,
    is_admin boolean DEFAULT false,
    created_at timestamp with time zone DEFAULT now(),
    updated_at timestamp with time zone DEFAULT now(),
    first_name text,
    last_name text,
    phone_number text,
    email text,
    is_verified boolean DEFAULT false,
    phone_verified boolean DEFAULT false,
    expo_push_token text
);


--
-- Name: wishlist; Type: TABLE; Schema: public; Owner: -
--

CREATE TABLE public.wishlist (
    id bigint NOT NULL,
    created_at timestamp with time zone DEFAULT now() NOT NULL,
    user_id uuid,
    product_id uuid
);


--
-- Name: wishlist_id_seq; Type: SEQUENCE; Schema: public; Owner: -
--

ALTER TABLE public.wishlist ALTER COLUMN id ADD GENERATED BY DEFAULT AS IDENTITY (
    SEQUENCE NAME public.wishlist_id_seq
    START WITH 1
    INCREMENT BY 1
    NO MINVALUE
    NO MAXVALUE
    CACHE 1
);


--
-- Name: order_items order_item_id; Type: DEFAULT; Schema: public; Owner: -
--

ALTER TABLE ONLY public.order_items ALTER COLUMN order_item_id SET DEFAULT nextval('public.order_items_order_item_id_seq'::regclass);


--
-- Name: order_status_logs log_id; Type: DEFAULT; Schema: public; Owner: -
--

ALTER TABLE ONLY public.order_status_logs ALTER COLUMN log_id SET DEFAULT nextval('public.order_status_logs_log_id_seq'::regclass);


--
-- Name: orders order_id; Type: DEFAULT; Schema: public; Owner: -
--

ALTER TABLE ONLY public.orders ALTER COLUMN order_id SET DEFAULT nextval('public.orders_order_id_seq'::regclass);


--
-- Data for Name: banners; Type: TABLE DATA; Schema: public; Owner: -
--

COPY public.banners (id, image_url, sku) FROM stdin;
6	https://ngaiszrgqqzpaoflidqv.supabase.co/storage/v1/object/public/banner/banner-1738754163352.png	555
7	https://ngaiszrgqqzpaoflidqv.supabase.co/storage/v1/object/public/banner/banner-1739206198872.png	\N
8	https://ngaiszrgqqzpaoflidqv.supabase.co/storage/v1/object/public/banner/banner-1739206328660.png	\N
10	https://ngaiszrgqqzpaoflidqv.supabase.co/storage/v1/object/public/banner/banner-1739207020481.png	\N
\.


--
-- Data for Name: cart_products; Type: TABLE DATA; Schema: public; Owner: -
--

COPY public.cart_products (id, user_id, product_id, quantity, created_at, updated_at) FROM stdin;
308ff217-d607-4c85-832a-10c15da08463	\N	233dab8f-f158-484c-947b-56f1de2646f3	3	2025-02-01 20:26:54.34289+00	2025-02-05 11:25:10.078+00
c5cb8129-e318-420b-8ea1-67c93d77532e	\N	92d967ad-6b15-4084-99a4-192e6d5ea538	1	2025-02-05 11:25:28.122731+00	\N
dcbaf26a-dbe3-4a4f-8262-68c857725379	\N	123e4567-e89b-12d3-a456-426614174103	2	2025-02-05 11:31:38.543553+00	2025-02-05 11:31:40.278+00
0426639e-e317-4381-80dc-cf1c30697e58	\N	f0b8140d-f9d8-4a1b-8928-afc1e1a9e89c	2	2025-02-05 11:25:42.58716+00	2025-02-05 11:44:44.388+00
\.


--
-- Data for Name: categories; Type: TABLE DATA; Schema: public; Owner: -
--

COPY public.categories (id, title, description, icon) FROM stdin;
c80a8e04-4fa2-4a98-8c6d-a67b6801f609	ger	Gr	icons/1739350495415.png
af463066-184e-4eb7-b987-db4225729b2e	italy	T	icons/1739350668393.png
2c699423-775e-429e-a52e-3d4c6f3c3c31	Fr	F	icons/1739350601677.png
3ef94b5c-2010-43b1-9ebb-960417d82481	Us	G	icons/1739350695710.png
\.


--
-- Data for Name: manual_order_items; Type: TABLE DATA; Schema: public; Owner: -
--

COPY public.manual_order_items (id, order_id, product_id, quantity, price, created_at) FROM stdin;
2e3586e7-37f2-4892-9740-5e34b3813f72	855d88f5-7d6c-49cf-abf2-fbbd909d86a2	233dab8f-f158-484c-947b-56f1de2646f3	1	3444	2025-02-07 11:29:46.252993+00
56cd1713-1b6c-4c4b-a6c5-6e2f1124a6a2	855d88f5-7d6c-49cf-abf2-fbbd909d86a2	f0b8140d-f9d8-4a1b-8928-afc1e1a9e89c	2	500	2025-02-07 11:29:46.252993+00
e4be0208-6835-4160-871d-3781dd6bb85e	855d88f5-7d6c-49cf-abf2-fbbd909d86a2	6824ce0e-0037-4034-8b00-5c9ae40e7c84	1	25	2025-02-07 11:29:46.252993+00
b0358a22-11dd-4ed9-9cef-57f28b0f37fe	99037191-b0e2-4398-84a0-9ac4fe19dfdb	233dab8f-f158-484c-947b-56f1de2646f3	1	3444	2025-02-07 11:31:04.958421+00
36128026-2b1d-464c-8c86-10a1415debce	99037191-b0e2-4398-84a0-9ac4fe19dfdb	f0b8140d-f9d8-4a1b-8928-afc1e1a9e89c	2	500	2025-02-07 11:31:04.958421+00
78706ca7-3dce-4915-afb1-674320501009	99037191-b0e2-4398-84a0-9ac4fe19dfdb	6824ce0e-0037-4034-8b00-5c9ae40e7c84	1	25	2025-02-07 11:31:04.958421+00
7290d14c-ee44-48ee-a5f4-ffc13a3ed9cc	e75eb6c0-f87f-4278-b76c-e477a84d55a8	233dab8f-f158-484c-947b-56f1de2646f3	3	3444	2025-02-07 12:58:16.940468+00
7417aff2-82cc-48d3-89a4-396887001610	e75eb6c0-f87f-4278-b76c-e477a84d55a8	b6bd371b-f436-4679-a3bb-d80e22dd3ab9	3	20	2025-02-07 12:58:16.940468+00
a965c0b2-8061-46c8-be11-0cd0b0e85840	c21450d1-8e3e-41c2-84a0-d79e8e82d3ee	233dab8f-f158-484c-947b-56f1de2646f3	3	3444	2025-02-07 13:10:51.841001+00
c8590aac-0e38-4366-baff-a8276f3869d1	5fdb3f65-bace-4b01-bb74-b10b9037c893	233dab8f-f158-484c-947b-56f1de2646f3	5	3444	2025-02-07 14:04:57.494231+00
18967044-d371-4abd-96d8-50a71d7bfdbb	5fdb3f65-bace-4b01-bb74-b10b9037c893	b6bd371b-f436-4679-a3bb-d80e22dd3ab9	4	20	2025-02-07 14:04:57.494231+00
ff9830c8-9e03-4ca8-a4cd-5b2b7d53ddd6	5fdb3f65-bace-4b01-bb74-b10b9037c893	f0b8140d-f9d8-4a1b-8928-afc1e1a9e89c	3	500	2025-02-07 14:04:57.494231+00
86597248-8e90-474b-94e3-4e3c1818d94b	ed8015a3-f82e-4879-b253-35f313c0f8ab	233dab8f-f158-484c-947b-56f1de2646f3	6	3444	2025-02-07 14:09:57.992962+00
05e2f72e-612f-4e6f-9772-8e219b98f570	ed8015a3-f82e-4879-b253-35f313c0f8ab	b6bd371b-f436-4679-a3bb-d80e22dd3ab9	3	20	2025-02-07 14:09:57.992962+00
b97a071f-08ef-4b54-b50c-e54f31971eb5	ed8015a3-f82e-4879-b253-35f313c0f8ab	6824ce0e-0037-4034-8b00-5c9ae40e7c84	2	25	2025-02-07 14:09:57.992962+00
1e1e8a3b-9bbb-4e02-8ea2-7ca9389464ba	ed8015a3-f82e-4879-b253-35f313c0f8ab	f0b8140d-f9d8-4a1b-8928-afc1e1a9e89c	3	500	2025-02-07 14:09:57.992962+00
8d16f716-22de-44b8-91f7-830a449c919c	eaf0ce0e-bb5d-4366-b34d-71af8626b468	233dab8f-f158-484c-947b-56f1de2646f3	2	3444	2025-02-07 14:15:00.280743+00
e2b28345-8af7-4746-9d6a-eabf48068c04	eaf0ce0e-bb5d-4366-b34d-71af8626b468	b6bd371b-f436-4679-a3bb-d80e22dd3ab9	4	20	2025-02-07 14:15:00.280743+00
c37ea6bf-4735-4abe-95f6-34194e5b014b	eaf0ce0e-bb5d-4366-b34d-71af8626b468	6824ce0e-0037-4034-8b00-5c9ae40e7c84	6	25	2025-02-07 14:15:00.280743+00
da7d9adc-50c8-4983-be29-b9411767bdcd	eaf0ce0e-bb5d-4366-b34d-71af8626b468	f4f39298-929f-4781-bfb3-c7987f11791d	3	500	2025-02-07 14:15:00.280743+00
1588a483-745c-434a-ac2f-0720a135a870	73d4085e-8f41-4564-81f2-af7acbd792fd	233dab8f-f158-484c-947b-56f1de2646f3	2	3444	2025-02-07 14:15:13.107721+00
ecb15547-a8e4-4630-bea0-7144902ffedf	73d4085e-8f41-4564-81f2-af7acbd792fd	b6bd371b-f436-4679-a3bb-d80e22dd3ab9	4	20	2025-02-07 14:15:13.107721+00
a3218b0f-887e-44c4-917b-b18929011661	73d4085e-8f41-4564-81f2-af7acbd792fd	6824ce0e-0037-4034-8b00-5c9ae40e7c84	6	25	2025-02-07 14:15:13.107721+00
bbac398f-48b9-4fa7-9bee-090e62ebe45c	73d4085e-8f41-4564-81f2-af7acbd792fd	f4f39298-929f-4781-bfb3-c7987f11791d	3	500	2025-02-07 14:15:13.107721+00
130345af-b644-47a3-a393-17c7c7dec323	9c4c71a7-7d9b-490d-aac2-bf1420d0fe16	b6bd371b-f436-4679-a3bb-d80e22dd3ab9	5	20	2025-02-07 15:56:12.782967+00
6e7c3efa-431a-41cd-944f-0be29227272c	9c4c71a7-7d9b-490d-aac2-bf1420d0fe16	233dab8f-f158-484c-947b-56f1de2646f3	5	3444	2025-02-07 15:56:12.782967+00
f60a37a3-31ec-431b-b5e1-2df22b6ea020	73f97360-5d8e-47a6-b55b-699955c8a2ca	233dab8f-f158-484c-947b-56f1de2646f3	3	3444	2025-02-08 12:07:18.672423+00
606763c0-470b-4411-90ec-d2b53068ed9a	73f97360-5d8e-47a6-b55b-699955c8a2ca	b6bd371b-f436-4679-a3bb-d80e22dd3ab9	3	20	2025-02-08 12:07:18.672423+00
494a33ba-315c-4719-8d59-61c32956963d	26c0872d-1c2e-449b-8c59-26aec1df996d	233dab8f-f158-484c-947b-56f1de2646f3	3	3444	2025-02-08 20:49:27.670203+00
633daaa5-ac4d-4ddd-a7be-de6090a99a91	26c0872d-1c2e-449b-8c59-26aec1df996d	b6bd371b-f436-4679-a3bb-d80e22dd3ab9	4	20	2025-02-08 20:49:27.670203+00
1ce490be-6ec5-42e0-9493-b09928b93bb9	26c0872d-1c2e-449b-8c59-26aec1df996d	f0b8140d-f9d8-4a1b-8928-afc1e1a9e89c	2	500	2025-02-08 20:49:27.670203+00
c9e47ff7-f42e-4ae0-948e-6d6ceb4ebb31	e180a29b-4f2a-4607-92ce-8a02630eed1c	233dab8f-f158-484c-947b-56f1de2646f3	3	3444	2025-02-08 20:50:09.343367+00
9339a4fd-39a5-4f40-82e3-c940d35984d7	e180a29b-4f2a-4607-92ce-8a02630eed1c	b6bd371b-f436-4679-a3bb-d80e22dd3ab9	4	20	2025-02-08 20:50:09.343367+00
bd13e418-8124-4bbf-a609-a88a929961cd	e180a29b-4f2a-4607-92ce-8a02630eed1c	f0b8140d-f9d8-4a1b-8928-afc1e1a9e89c	2	500	2025-02-08 20:50:09.343367+00
f5ed514d-feb8-4dc9-afbf-99af721b6f17	44e50214-eb7a-41e7-9988-a0d6a6d9a612	233dab8f-f158-484c-947b-56f1de2646f3	1	3444	2025-02-10 20:06:22.567153+00
321efe4f-83f5-4846-b54f-5ea73525a905	648d8c5c-edcd-4d13-b54a-7ba36286d6b2	233dab8f-f158-484c-947b-56f1de2646f3	4	3444	2025-02-10 20:15:44.192775+00
\.


--
-- Data for Name: manual_orders; Type: TABLE DATA; Schema: public; Owner: -
--

COPY public.manual_orders (id, customer_name, customer_phone, total_amount, paid_amount, remaining_amount, status, created_at) FROM stdin;
855d88f5-7d6c-49cf-abf2-fbbd909d86a2	Mehdi	0542320499	4469	4000	469	pending	2025-02-07 11:29:46.085921+00
99037191-b0e2-4398-84a0-9ac4fe19dfdb	Mehdi	0542320499	4469	4000	469	pending	2025-02-07 11:31:04.699927+00
e75eb6c0-f87f-4278-b76c-e477a84d55a8	Gg	0542	10392	5000	5392	pending	2025-02-07 12:58:16.56839+00
c21450d1-8e3e-41c2-84a0-d79e8e82d3ee	Gg	12	10332	5000	5332	pending	2025-02-07 13:10:50.782107+00
5fdb3f65-bace-4b01-bb74-b10b9037c893	Hh	202020	18800	18800	0	pending	2025-02-07 14:04:57.269984+00
ed8015a3-f82e-4879-b253-35f313c0f8ab	Mehdi	05896325	22274	1000	21274	pending	2025-02-07 14:09:57.747398+00
eaf0ce0e-bb5d-4366-b34d-71af8626b468	Mehdi	0589423589	8618	6000	2618	pending	2025-02-07 14:14:59.990071+00
73d4085e-8f41-4564-81f2-af7acbd792fd	Mehdi	0589423589	8618	6000	2618	pending	2025-02-07 14:15:12.955348+00
9c4c71a7-7d9b-490d-aac2-bf1420d0fe16	Deffaf abdenasser 	0542320499	17320	17320	0	pending	2025-02-07 15:56:12.635719+00
73f97360-5d8e-47a6-b55b-699955c8a2ca	عبد الناصر دفاف	0542320499	10392	10000	392	pending	2025-02-08 12:07:18.519635+00
26c0872d-1c2e-449b-8c59-26aec1df996d	دفاف 	0542320499	11412	5000	6412	pending	2025-02-08 20:49:27.528151+00
e180a29b-4f2a-4607-92ce-8a02630eed1c	دفاف 	0542320499	11412	5000	6412	pending	2025-02-08 20:50:09.204139+00
44e50214-eb7a-41e7-9988-a0d6a6d9a612	Deffaf	55	3444	500	2944	pending	2025-02-10 20:06:22.39887+00
648d8c5c-edcd-4d13-b54a-7ba36286d6b2	Dff		13776	0	13776	pending	2025-02-10 20:15:44.005787+00
\.


--
-- Data for Name: notification_by_admin; Type: TABLE DATA; Schema: public; Owner: -
--

COPY public.notification_by_admin (id, user_id, message, is_seen, created_at, admin_id, type, reference_id) FROM stdin;
\.


--
-- Data for Name: notifications; Type: TABLE DATA; Schema: public; Owner: -
--

COPY public.notifications (id, user_id, title, message, type, data, read, created_at, updated_at, sender_id, notification_type, reference_id, status, is_admin_message) FROM stdin;
5462047d-6e23-4c04-bc03-7a803df9020e	790a7241-4a2b-41a6-bcf3-f7cf36505ff5	رسالة جديدة من المستخدم	Slm	text	{"sender_id": "790a7241-4a2b-41a6-bcf3-f7cf36505ff5", "sender_name": "dd ss", "is_admin_message": false}	t	2025-02-12 09:47:38.318+00	2025-02-12 09:48:50.395084+00	\N	text	\N	sent	f
a7215e37-8ffc-44f6-83b5-0b1eebf3174d	32a798d3-bafd-4572-be8a-f6622504b97a	طلب جديد	تم استلام طلب جديد بقيمة 10337 دج	new_order	{"total": 10337, "wilaya": "لندن", "order_id": 91, "user_name": "ساعد خوالفية"}	t	2025-02-12 16:15:06.598+00	2025-02-12 16:16:15.77897+00	\N	text	\N	sent	f
793fbead-048d-43d4-9c81-e3e669695b85	32a798d3-bafd-4572-be8a-f6622504b97a	رسالة جديدة من المستخدم	رسالة من dd ss: Slm	user_message	{"senderId": "790a7241-4a2b-41a6-bcf3-f7cf36505ff5", "messageId": "5462047d-6e23-4c04-bc03-7a803df9020e", "senderName": "dd ss", "referenceId": "5462047d-6e23-4c04-bc03-7a803df9020e"}	t	2025-02-12 09:47:38.914+00	2025-02-12 09:58:11.440349+00	\N	text	\N	sent	f
80e77f1e-433d-4676-8747-1db9a08b5de4	32a798d3-bafd-4572-be8a-f6622504b97a	طلب جديد	تم استلام طلب جديد بقيمة 125 دج	new_order	{"total": 125, "wilaya": "برج بوعريريج ", "order_id": 89, "user_name": "dd ss"}	t	2025-02-12 15:52:54.737+00	2025-02-12 15:53:44.280907+00	\N	text	\N	sent	f
039d18a0-53f7-46f7-b8ef-6075837dfbec	790a7241-4a2b-41a6-bcf3-f7cf36505ff5	تحديث حالة الطلب	تم شحن طلبك رقم #85	order_status	{"order_id": 85, "new_status": "shipped", "is_admin_message": true}	t	2025-02-12 10:22:39.276+00	2025-02-12 10:24:25.507067+00	\N	text	\N	sent	f
c5815134-af20-42f1-b2c7-6515ba441758	790a7241-4a2b-41a6-bcf3-f7cf36505ff5	رسالة جديدة من المستخدم	Slm	text	{"sender_id": "790a7241-4a2b-41a6-bcf3-f7cf36505ff5", "sender_name": "dd ss", "is_admin_message": false}	t	2025-02-12 10:39:43.213+00	2025-02-12 13:22:37.789488+00	\N	text	\N	sent	f
38af436f-bd9b-4ea3-815f-043209f6b92b	32a798d3-bafd-4572-be8a-f6622504b97a	رسالة جديدة من المستخدم	رسالة من dd ss: Slm	user_message	{"senderId": "790a7241-4a2b-41a6-bcf3-f7cf36505ff5", "messageId": "c5815134-af20-42f1-b2c7-6515ba441758", "senderName": "dd ss", "referenceId": "c5815134-af20-42f1-b2c7-6515ba441758"}	t	2025-02-12 10:39:44.413+00	2025-02-12 13:44:44.515668+00	\N	text	\N	sent	f
eaa73c94-21a7-44ab-b6d1-3ddb8144aa71	790a7241-4a2b-41a6-bcf3-f7cf36505ff5	تحديث حالة الطلب	تم تسليم طلبك رقم #87	order_status	{"order_id": 87, "new_status": "delivered", "is_admin_message": true}	t	2025-02-12 15:48:28.052+00	2025-02-12 15:50:05.93091+00	\N	text	\N	sent	f
84bce474-3c2d-4ec5-9b96-38fc71fdae7c	790a7241-4a2b-41a6-bcf3-f7cf36505ff5	تحديث منتج	Vv	product	{"reference_id": "sss", "is_admin_message": true}	t	2025-02-12 15:59:21.107599+00	2025-02-12 16:03:29.431725+00	32a798d3-bafd-4572-be8a-f6622504b97a	text	\N	sent	f
4bf4f0b1-ded2-4ac4-8400-2ecfa7e558de	790a7241-4a2b-41a6-bcf3-f7cf36505ff5	تحديث حالة الطلب	تم تحديث حالة طلبك رقم #87	order_status	{"order_id": 87, "new_status": "pending", "is_admin_message": true}	t	2025-02-12 15:47:53.892+00	2025-02-12 15:50:06.122311+00	\N	text	\N	sent	f
a5d64114-ac00-4569-8406-5789530aa101	790a7241-4a2b-41a6-bcf3-f7cf36505ff5	رسالة إدارية	Cc	text	{"reference_id": null, "is_admin_message": true}	t	2025-02-12 15:54:59.037397+00	2025-02-12 15:58:31.165072+00	32a798d3-bafd-4572-be8a-f6622504b97a	text	\N	sent	f
56a96a02-252b-4d2b-8eaf-9c1dbccfe703	32a798d3-bafd-4572-be8a-f6622504b97a	طلب جديد	تم استلام طلب جديد بقيمة undefined دج	new_order	{"orderId": 87}	t	2025-02-12 15:46:08.335+00	2025-02-12 15:51:02.213285+00	\N	text	\N	sent	f
e7afeaf4-82f5-448c-9bf6-6fc68ff1060b	163cdf6c-2287-4f80-b460-850c965f2967	طلب جديد	تم استلام طلب جديد بقيمة 125 دج	new_order	{"total": 125, "wilaya": "برج بوعريريج ", "order_id": 89, "user_name": "dd ss"}	f	2025-02-12 15:52:54.737+00	2025-02-12 15:52:54.859128+00	\N	text	\N	sent	f
bfe8b0cf-7fc2-4d21-8e30-168d4125a9c4	163cdf6c-2287-4f80-b460-850c965f2967	طلب جديد	تم استلام طلب جديد بقيمة 5000 دج	new_order	{"total": 5000, "wilaya": "برج بوعريريج ", "order_id": 94, "user_name": "dd ss"}	f	2025-02-12 20:10:44.248+00	2025-02-12 20:10:44.702733+00	\N	text	\N	sent	f
2b289c18-9acf-4246-bf75-8ac32287e8a2	790a7241-4a2b-41a6-bcf3-f7cf36505ff5	تحديث حالة الطلب	تم تسليم طلبك رقم #89	order_status	{"order_id": 89, "new_status": "delivered", "is_admin_message": true}	t	2025-02-12 15:54:15.547+00	2025-02-12 15:58:31.351481+00	\N	text	\N	sent	f
e0a58dde-f9a7-433d-958b-4f4f9c644557	790a7241-4a2b-41a6-bcf3-f7cf36505ff5	تحديث حالة الطلب	تم تسليم طلبك رقم #88	order_status	{"orderId": 88, "newStatus": "delivered"}	t	2025-02-12 15:58:52.081+00	2025-02-12 16:03:29.583972+00	\N	text	\N	sent	f
f203d927-39e4-46e8-b118-b429627bfe5e	790a7241-4a2b-41a6-bcf3-f7cf36505ff5	تحديث حالة الطلب	تم شحن طلبك رقم #89	order_status	{"order_id": 89, "new_status": "shipped", "is_admin_message": true}	t	2025-02-12 15:53:58.474+00	2025-02-12 15:58:31.473189+00	\N	text	\N	sent	f
daa6dc23-de84-471c-a444-925ec66c2df6	32a798d3-bafd-4572-be8a-f6622504b97a	طلب جديد	تم استلام طلب جديد بقيمة 3949 دج	new_order	{"total": 3949, "wilaya": "برج بوعريريج ", "order_id": 90, "user_name": "dd ss"}	t	2025-02-12 16:00:24.726+00	2025-02-12 16:16:15.963948+00	\N	text	\N	sent	f
d4c437ab-f494-40ea-8271-cbab2eca95aa	790a7241-4a2b-41a6-bcf3-f7cf36505ff5	تحديث حالة الطلب	تم شحن طلبك رقم #88	order_status	{"order_id": 88, "new_status": "shipped", "is_admin_message": true}	t	2025-02-12 15:51:24.656+00	2025-02-12 15:58:31.91041+00	\N	text	\N	sent	f
3d1eba2f-9032-4c8e-bc8b-bdb345c09360	163cdf6c-2287-4f80-b460-850c965f2967	طلب جديد	تم استلام طلب جديد بقيمة 3949 دج	new_order	{"total": 3949, "wilaya": "برج بوعريريج ", "order_id": 90, "user_name": "dd ss"}	f	2025-02-12 16:00:24.726+00	2025-02-12 16:00:25.021195+00	\N	text	\N	sent	f
b8d5acb7-36cf-43eb-b2b5-4efb23c930c4	790a7241-4a2b-41a6-bcf3-f7cf36505ff5	تحديث حالة الطلب	تم تسليم طلبك رقم #88	order_status	{"order_id": 88, "new_status": "delivered", "is_admin_message": true}	t	2025-02-12 15:58:49.982+00	2025-02-12 16:03:29.783556+00	\N	text	\N	sent	f
257e580c-8b9b-4acd-b8ce-e821c96ebb1c	163cdf6c-2287-4f80-b460-850c965f2967	طلب جديد	تم استلام طلب جديد بقيمة 10337 دج	new_order	{"total": 10337, "wilaya": "لندن", "order_id": 91, "user_name": "ساعد خوالفية"}	f	2025-02-12 16:15:06.597+00	2025-02-12 16:15:06.676102+00	\N	text	\N	sent	f
a11f0cd6-f543-4bfa-a88f-688e408f87c7	74d60eb1-3ba5-4f9d-9733-6c985d1fc749	تحديث حالة الطلب	تم شحن طلبك رقم #91	order_status	{"order_id": 91, "new_status": "shipped", "is_admin_message": true}	f	2025-02-12 16:16:49.206+00	2025-02-12 16:16:49.460729+00	\N	text	\N	sent	f
48578055-d5b1-48ed-8743-97d5b1b2d058	74d60eb1-3ba5-4f9d-9733-6c985d1fc749	تحديث حالة الطلب	تم تسليم طلبك رقم #91	order_status	{"order_id": 91, "new_status": "delivered", "is_admin_message": true}	f	2025-02-12 16:16:58.69+00	2025-02-12 16:16:58.945059+00	\N	text	\N	sent	f
d8f76eee-203b-4fe2-908e-7c25a8a09657	163cdf6c-2287-4f80-b460-850c965f2967	طلب جديد	تم استلام طلب جديد بقيمة 2500 دج	new_order	{"total": 2500, "wilaya": "برج بوعريريج ", "order_id": 95, "user_name": "dd ss"}	f	2025-02-12 20:11:32.52+00	2025-02-12 20:11:32.972943+00	\N	text	\N	sent	f
50805b00-ecb7-4dbc-ac50-29f8e577f986	32a798d3-bafd-4572-be8a-f6622504b97a	طلب جديد	تم استلام طلب جديد بقيمة 5000 دج	new_order	{"total": 5000, "wilaya": "برج بوعريريج ", "order_id": 94, "user_name": "dd ss"}	t	2025-02-12 20:10:44.248+00	2025-02-12 20:46:06.252133+00	\N	text	\N	sent	f
667185f2-5267-43f4-ae45-eb35facdb427	790a7241-4a2b-41a6-bcf3-f7cf36505ff5	تحديث حالة الطلب	تم تسليم طلبك رقم #93	order_status	{"orderId": 93, "newStatus": "delivered"}	t	2025-02-12 20:07:39.13+00	2025-02-12 21:07:18.319035+00	\N	text	\N	sent	f
4748dffa-8478-4461-be8a-820323906e29	790a7241-4a2b-41a6-bcf3-f7cf36505ff5	تحديث حالة الطلب	تم تسليم طلبك رقم #93	order_status	{"order_id": 93, "new_status": "delivered", "is_admin_message": true}	t	2025-02-12 20:07:38.535+00	2025-02-12 21:07:19.725366+00	\N	text	\N	sent	f
d94dd9bc-e90c-43f3-899f-1bcfeb6cf97a	163cdf6c-2287-4f80-b460-850c965f2967	طلب جديد	تم استلام طلب جديد بقيمة 19.99 دج	new_order	{"total": 19.99, "wilaya": "برج بوعريريج ", "order_id": 96, "user_name": "dd ss"}	f	2025-02-12 20:11:52.567+00	2025-02-12 20:11:53.089528+00	\N	text	\N	sent	f
1aef5e20-db99-4361-a6b5-35c18467675b	32a798d3-bafd-4572-be8a-f6622504b97a	طلب جديد	تم استلام طلب جديد بقيمة 19.99 دج	new_order	{"total": 19.99, "wilaya": "برج بوعريريج ", "order_id": 96, "user_name": "dd ss"}	t	2025-02-12 20:11:52.567+00	2025-02-12 20:45:57.084509+00	\N	text	\N	sent	f
b3d26098-3816-4789-a22f-2582f7b80340	32a798d3-bafd-4572-be8a-f6622504b97a	طلب جديد	تم استلام طلب جديد بقيمة 2500 دج	new_order	{"total": 2500, "wilaya": "برج بوعريريج ", "order_id": 95, "user_name": "dd ss"}	t	2025-02-12 20:11:32.52+00	2025-02-12 20:45:57.103063+00	\N	text	\N	sent	f
9a65fdd1-ac51-4ffc-879c-92209739cd76	790a7241-4a2b-41a6-bcf3-f7cf36505ff5	رسالة إدارية	G	text	{"reference_id": null, "is_admin_message": true}	t	2025-02-12 21:09:54.282158+00	2025-02-12 21:11:05.23422+00	32a798d3-bafd-4572-be8a-f6622504b97a	text	\N	sent	f
2b5c4387-9a95-475a-b3f8-5b257a4bd909	790a7241-4a2b-41a6-bcf3-f7cf36505ff5	رسالة جديدة من المستخدم	Ss	text	{"sender_id": "790a7241-4a2b-41a6-bcf3-f7cf36505ff5", "sender_name": "dd ss", "is_admin_message": false}	t	2025-02-12 21:11:10.372+00	2025-02-12 21:15:30.233333+00	\N	text	\N	sent	f
8af6111d-e0d5-4ad2-b4e1-6fc016ed66f2	163cdf6c-2287-4f80-b460-850c965f2967	طلب جديد	تم استلام طلب جديد بقيمة 525 دج	new_order	{"total": 525, "wilaya": "برج بوعريريج ", "order_id": 101, "user_name": "dd ss"}	f	2025-02-13 18:45:35.083+00	2025-02-13 18:45:35.206812+00	\N	text	\N	sent	f
9b56b003-3253-41ed-8ad8-3ab1f202b898	32a798d3-bafd-4572-be8a-f6622504b97a	طلب جديد	تم استلام طلب جديد بقيمة 525 دج	new_order	{"total": 525, "wilaya": "برج بوعريريج ", "order_id": 101, "user_name": "dd ss"}	t	2025-02-13 18:45:35.083+00	2025-02-13 20:34:24.79327+00	\N	text	\N	sent	f
45ab303d-ca4e-4809-80f0-9ad4ff019d4e	32a798d3-bafd-4572-be8a-f6622504b97a	رسالة جديدة من المستخدم	رسالة من dd ss: Ss	user_message	{"senderId": "790a7241-4a2b-41a6-bcf3-f7cf36505ff5", "messageId": "2b5c4387-9a95-475a-b3f8-5b257a4bd909", "senderName": "dd ss", "referenceId": "2b5c4387-9a95-475a-b3f8-5b257a4bd909"}	t	2025-02-12 21:11:12.396+00	2025-02-13 20:34:25.70575+00	\N	text	\N	sent	f
ef011d77-2d9f-4ccc-8d37-15e6ea651aad	790a7241-4a2b-41a6-bcf3-f7cf36505ff5	رسالة إدارية	Ss	text	{"reference_id": null, "is_admin_message": true}	t	2025-02-13 20:35:08.803778+00	2025-02-13 20:35:22.235216+00	32a798d3-bafd-4572-be8a-f6622504b97a	text	\N	sent	f
f5b29723-63b4-4799-abe1-d015586b1f0f	790a7241-4a2b-41a6-bcf3-f7cf36505ff5	رسالة جديدة من المستخدم	Slm	text	{"sender_id": "790a7241-4a2b-41a6-bcf3-f7cf36505ff5", "sender_name": "dd ss", "is_admin_message": false}	t	2025-02-13 20:41:53.794+00	2025-02-13 20:44:02.298099+00	\N	text	\N	sent	f
\.


--
-- Data for Name: order_items; Type: TABLE DATA; Schema: public; Owner: -
--

COPY public.order_items (order_item_id, order_id, product_id, price, quantity, created_at, updated_at) FROM stdin;
57	39	f4f39298-929f-4781-bfb3-c7987f11791d	500	2	2025-02-08 20:42:16.527475	2025-02-08 20:42:16.527475
58	39	b3225a24-4cbe-4667-90fe-049c0fce32b2	500	4	2025-02-08 20:42:16.527475	2025-02-08 20:42:16.527475
59	40	b3225a24-4cbe-4667-90fe-049c0fce32b2	500	5	2025-02-08 22:12:47.95728	2025-02-08 22:12:47.95728
60	41	f4f39298-929f-4781-bfb3-c7987f11791d	500	1	2025-02-10 00:25:42.344669	2025-02-10 00:25:42.344669
61	42	b3225a24-4cbe-4667-90fe-049c0fce32b2	500	1	2025-02-10 00:49:07.301976	2025-02-10 00:49:07.301976
62	44	b3225a24-4cbe-4667-90fe-049c0fce32b2	500	1	2025-02-10 00:50:47.775804	2025-02-10 00:50:47.775804
63	45	b3225a24-4cbe-4667-90fe-049c0fce32b2	500	3	2025-02-10 00:51:41.170572	2025-02-10 00:51:41.170572
64	46	b3225a24-4cbe-4667-90fe-049c0fce32b2	500	1	2025-02-10 01:10:19.920336	2025-02-10 01:10:19.920336
65	46	f4f39298-929f-4781-bfb3-c7987f11791d	500	3	2025-02-10 01:10:19.920336	2025-02-10 01:10:19.920336
66	47	233dab8f-f158-484c-947b-56f1de2646f3	3444	1	2025-02-10 16:16:38.691512	2025-02-10 16:16:38.691512
67	47	92d967ad-6b15-4084-99a4-192e6d5ea538	5	6	2025-02-10 16:16:38.691512	2025-02-10 16:16:38.691512
3	2	92d967ad-6b15-4084-99a4-192e6d5ea538	1299.99	1	2025-01-28 20:26:48.396227	2025-01-28 20:26:48.396227
68	48	92d967ad-6b15-4084-99a4-192e6d5ea538	5	1	2025-02-10 16:19:04.84484	2025-02-10 16:19:04.84484
69	49	92d967ad-6b15-4084-99a4-192e6d5ea538	5	1	2025-02-10 16:21:56.31127	2025-02-10 16:21:56.31127
70	50	4877a965-3564-414e-9bcb-3ada551675ec	500	31	2025-02-10 16:29:00.104243	2025-02-10 16:29:00.104243
71	50	123e4567-e89b-12d3-a456-426614174103	19.99	4	2025-02-10 16:29:00.104243	2025-02-10 16:29:00.104243
1	3	123e4567-e89b-12d3-a456-426614174103	19.99	4	2025-01-31 20:18:30.310006	2025-01-31 20:18:30.310006
2	3	f4f39298-929f-4781-bfb3-c7987f11791d	200	4	2025-01-31 20:18:30.310006	2025-01-31 20:18:30.310006
4	5	123e4567-e89b-12d3-a456-426614174103	19.99	2	2025-01-31 20:52:35.06051	2025-01-31 20:52:35.06051
5	6	123e4567-e89b-12d3-a456-426614174103	19.99	3	2025-01-31 20:55:21.792915	2025-01-31 20:55:21.792915
6	7	0fccdbce-e03d-4ebd-a27e-ecd8aba11b25	33	3	2025-02-01 11:48:57.737751	2025-02-01 11:48:57.737751
7	7	f4f39298-929f-4781-bfb3-c7987f11791d	200	3	2025-02-01 11:48:57.737751	2025-02-01 11:48:57.737751
8	8	f4f39298-929f-4781-bfb3-c7987f11791d	200	1	2025-02-01 11:57:41.389571	2025-02-01 11:57:41.389571
9	9	4877a965-3564-414e-9bcb-3ada551675ec	500	7	2025-02-01 13:57:36.014211	2025-02-01 13:57:36.014211
10	9	92d967ad-6b15-4084-99a4-192e6d5ea538	5	1	2025-02-01 13:57:36.014211	2025-02-01 13:57:36.014211
11	9	123e4567-e89b-12d3-a456-426614174103	19.99	4	2025-02-01 13:57:36.014211	2025-02-01 13:57:36.014211
12	9	f4f39298-929f-4781-bfb3-c7987f11791d	200	9	2025-02-01 13:57:36.014211	2025-02-01 13:57:36.014211
13	10	123e4567-e89b-12d3-a456-426614174103	19.99	2	2025-02-01 14:49:27.516962	2025-02-01 14:49:27.516962
14	10	b6bd371b-f436-4679-a3bb-d80e22dd3ab9	33	2	2025-02-01 14:49:27.516962	2025-02-01 14:49:27.516962
15	11	4877a965-3564-414e-9bcb-3ada551675ec	500	2	2025-02-02 19:51:39.738842	2025-02-02 19:51:39.738842
16	11	123e4567-e89b-12d3-a456-426614174103	19.99	1	2025-02-02 19:51:39.738842	2025-02-02 19:51:39.738842
17	12	f4f39298-929f-4781-bfb3-c7987f11791d	200	4	2025-02-02 19:53:50.290247	2025-02-02 19:53:50.290247
18	13	4877a965-3564-414e-9bcb-3ada551675ec	500	1	2025-02-02 19:55:15.02703	2025-02-02 19:55:15.02703
19	15	f4f39298-929f-4781-bfb3-c7987f11791d	200	1	2025-02-02 19:57:31.171581	2025-02-02 19:57:31.171581
20	16	4877a965-3564-414e-9bcb-3ada551675ec	500	1	2025-02-02 19:59:43.732071	2025-02-02 19:59:43.732071
21	16	123e4567-e89b-12d3-a456-426614174103	19.99	1	2025-02-02 19:59:43.732071	2025-02-02 19:59:43.732071
22	17	4877a965-3564-414e-9bcb-3ada551675ec	500	1	2025-02-02 20:03:49.867053	2025-02-02 20:03:49.867053
23	17	123e4567-e89b-12d3-a456-426614174103	19.99	1	2025-02-02 20:03:49.867053	2025-02-02 20:03:49.867053
24	17	233dab8f-f158-484c-947b-56f1de2646f3	3444	1	2025-02-02 20:03:49.867053	2025-02-02 20:03:49.867053
25	18	f4f39298-929f-4781-bfb3-c7987f11791d	200	10	2025-02-02 20:32:56.675607	2025-02-02 20:32:56.675607
26	19	123e4567-e89b-12d3-a456-426614174103	19.99	1	2025-02-02 20:42:17.657453	2025-02-02 20:42:17.657453
27	20	123e4567-e89b-12d3-a456-426614174103	19.99	6	2025-02-02 20:47:04.803225	2025-02-02 20:47:04.803225
28	21	123e4567-e89b-12d3-a456-426614174103	19.99	6	2025-02-02 20:47:08.636095	2025-02-02 20:47:08.636095
29	22	123e4567-e89b-12d3-a456-426614174103	19.99	6	2025-02-02 20:47:23.369454	2025-02-02 20:47:23.369454
30	23	123e4567-e89b-12d3-a456-426614174103	19.99	6	2025-02-02 20:49:50.824674	2025-02-02 20:49:50.824674
31	24	4877a965-3564-414e-9bcb-3ada551675ec	500	2	2025-02-02 20:50:11.103963	2025-02-02 20:50:11.103963
32	25	f4f39298-929f-4781-bfb3-c7987f11791d	200	22	2025-02-02 21:01:32.790105	2025-02-02 21:01:32.790105
33	25	123e4567-e89b-12d3-a456-426614174103	19.99	2	2025-02-02 21:01:32.790105	2025-02-02 21:01:32.790105
34	26	4877a965-3564-414e-9bcb-3ada551675ec	500	3	2025-02-03 12:28:57.26848	2025-02-03 12:28:57.26848
35	27	f4f39298-929f-4781-bfb3-c7987f11791d	200	3	2025-02-03 19:51:51.905889	2025-02-03 19:51:51.905889
36	28	92d967ad-6b15-4084-99a4-192e6d5ea538	5	10	2025-02-03 19:58:10.382501	2025-02-03 19:58:10.382501
37	28	0fccdbce-e03d-4ebd-a27e-ecd8aba11b25	33	3	2025-02-03 19:58:10.382501	2025-02-03 19:58:10.382501
38	28	4877a965-3564-414e-9bcb-3ada551675ec	500	8	2025-02-03 19:58:10.382501	2025-02-03 19:58:10.382501
39	28	f4f39298-929f-4781-bfb3-c7987f11791d	200	7	2025-02-03 19:58:10.382501	2025-02-03 19:58:10.382501
40	29	f4f39298-929f-4781-bfb3-c7987f11791d	500	3	2025-02-04 19:44:02.376309	2025-02-04 19:44:02.376309
41	30	f4f39298-929f-4781-bfb3-c7987f11791d	500	1	2025-02-04 20:11:24.07808	2025-02-04 20:11:24.07808
42	31	b3225a24-4cbe-4667-90fe-049c0fce32b2	500	1	2025-02-04 20:18:17.893774	2025-02-04 20:18:17.893774
43	32	f0b8140d-f9d8-4a1b-8928-afc1e1a9e89c	500	2	2025-02-06 15:15:29.019759	2025-02-06 15:15:29.019759
44	32	4877a965-3564-414e-9bcb-3ada551675ec	200	5	2025-02-06 15:15:29.019759	2025-02-06 15:15:29.019759
45	33	f4f39298-929f-4781-bfb3-c7987f11791d	500	3	2025-02-06 17:35:24.626303	2025-02-06 17:35:24.626303
46	34	a0bc4696-603a-4238-9089-15cf969ce8e7	200	1	2025-02-06 20:10:28.880547	2025-02-06 20:10:28.880547
47	34	4877a965-3564-414e-9bcb-3ada551675ec	200	1	2025-02-06 20:10:28.880547	2025-02-06 20:10:28.880547
48	35	b3225a24-4cbe-4667-90fe-049c0fce32b2	500	2	2025-02-06 21:31:12.677024	2025-02-06 21:31:12.677024
49	35	a0bc4696-603a-4238-9089-15cf969ce8e7	200	1	2025-02-06 21:31:12.677024	2025-02-06 21:31:12.677024
50	36	f0b8140d-f9d8-4a1b-8928-afc1e1a9e89c	500	4	2025-02-08 08:34:10.649716	2025-02-08 08:34:10.649716
51	36	6824ce0e-0037-4034-8b00-5c9ae40e7c84	25	7	2025-02-08 08:34:10.649716	2025-02-08 08:34:10.649716
52	36	b3225a24-4cbe-4667-90fe-049c0fce32b2	500	2	2025-02-08 08:34:10.649716	2025-02-08 08:34:10.649716
53	37	4877a965-3564-414e-9bcb-3ada551675ec	200	1	2025-02-08 10:28:34.338479	2025-02-08 10:28:34.338479
54	37	f4f39298-929f-4781-bfb3-c7987f11791d	500	1	2025-02-08 10:28:34.338479	2025-02-08 10:28:34.338479
55	37	b3225a24-4cbe-4667-90fe-049c0fce32b2	500	3	2025-02-08 10:28:34.338479	2025-02-08 10:28:34.338479
56	38	f4f39298-929f-4781-bfb3-c7987f11791d	500	1	2025-02-08 18:48:48.253335	2025-02-08 18:48:48.253335
72	50	f0b8140d-f9d8-4a1b-8928-afc1e1a9e89c	500	4	2025-02-10 16:29:00.104243	2025-02-10 16:29:00.104243
73	50	b3225a24-4cbe-4667-90fe-049c0fce32b2	500	8	2025-02-10 16:29:00.104243	2025-02-10 16:29:00.104243
74	50	a0bc4696-603a-4238-9089-15cf969ce8e7	200	7	2025-02-10 16:29:00.104243	2025-02-10 16:29:00.104243
75	50	6824ce0e-0037-4034-8b00-5c9ae40e7c84	25	4	2025-02-10 16:29:00.104243	2025-02-10 16:29:00.104243
76	51	f4f39298-929f-4781-bfb3-c7987f11791d	500	1	2025-02-10 17:41:25.617755	2025-02-10 17:41:25.617755
77	51	71546acf-4c69-4a71-9870-7df720acc731	5000	1	2025-02-10 17:41:25.617755	2025-02-10 17:41:25.617755
78	52	f4f39298-929f-4781-bfb3-c7987f11791d	500	1	2025-02-10 17:48:46.670527	2025-02-10 17:48:46.670527
79	52	71546acf-4c69-4a71-9870-7df720acc731	5000	1	2025-02-10 17:48:46.670527	2025-02-10 17:48:46.670527
80	53	71546acf-4c69-4a71-9870-7df720acc731	5000	1	2025-02-10 18:28:39.227504	2025-02-10 18:28:39.227504
81	54	0fccdbce-e03d-4ebd-a27e-ecd8aba11b25	44	1	2025-02-10 18:57:24.024984	2025-02-10 18:57:24.024984
82	55	71546acf-4c69-4a71-9870-7df720acc731	5000	1	2025-02-10 21:32:24.491282	2025-02-10 21:32:24.491282
83	56	0fccdbce-e03d-4ebd-a27e-ecd8aba11b25	44	1	2025-02-10 21:33:17.006956	2025-02-10 21:33:17.006956
84	57	71546acf-4c69-4a71-9870-7df720acc731	5000	1	2025-02-10 21:37:34.626071	2025-02-10 21:37:34.626071
85	57	f4f39298-929f-4781-bfb3-c7987f11791d	500	1	2025-02-10 21:37:34.626071	2025-02-10 21:37:34.626071
86	58	71546acf-4c69-4a71-9870-7df720acc731	5000	1	2025-02-10 23:14:53.774819	2025-02-10 23:14:53.774819
88	60	71546acf-4c69-4a71-9870-7df720acc731	5000	2	2025-02-11 12:36:14.877161	2025-02-11 12:36:14.877161
90	61	71546acf-4c69-4a71-9870-7df720acc731	5000	1	2025-02-11 14:01:41.310434	2025-02-11 14:01:41.310434
96	66	f4f39298-929f-4781-bfb3-c7987f11791d	500	1	2025-02-11 18:17:01.676966	2025-02-11 18:17:01.676966
98	67	0fccdbce-e03d-4ebd-a27e-ecd8aba11b25	44	1	2025-02-11 21:04:03.012346	2025-02-11 21:04:03.012346
100	68	0fccdbce-e03d-4ebd-a27e-ecd8aba11b25	44	1	2025-02-11 21:04:16.285033	2025-02-11 21:04:16.285033
101	70	0fccdbce-e03d-4ebd-a27e-ecd8aba11b25	44	1	2025-02-11 21:06:03.505123	2025-02-11 21:06:03.505123
102	71	0fccdbce-e03d-4ebd-a27e-ecd8aba11b25	44	1	2025-02-11 21:06:34.983281	2025-02-11 21:06:34.983281
103	72	0fccdbce-e03d-4ebd-a27e-ecd8aba11b25	44	1	2025-02-11 21:08:24.969554	2025-02-11 21:08:24.969554
104	73	0fccdbce-e03d-4ebd-a27e-ecd8aba11b25	44	1	2025-02-11 21:11:02.920343	2025-02-11 21:11:02.920343
105	74	4877a965-3564-414e-9bcb-3ada551675ec	500	3	2025-02-11 21:11:49.969719	2025-02-11 21:11:49.969719
106	75	f4f39298-929f-4781-bfb3-c7987f11791d	500	1	2025-02-11 21:24:15.490581	2025-02-11 21:24:15.490581
107	76	71546acf-4c69-4a71-9870-7df720acc731	5000	1	2025-02-11 22:52:12.488414	2025-02-11 22:52:12.488414
87	59	\N	1000	5	2025-02-11 11:18:00.377518	2025-02-11 11:18:00.377518
89	60	\N	1000	2	2025-02-11 12:36:14.877161	2025-02-11 12:36:14.877161
91	61	\N	1000	1	2025-02-11 14:01:41.310434	2025-02-11 14:01:41.310434
155	109	f4f39298-929f-4781-bfb3-c7987f11791d	500	2	2025-02-13 19:44:14.474371	2025-02-13 19:44:14.474371
93	63	\N	1000	1	2025-02-11 14:18:16.955963	2025-02-11 14:18:16.955963
95	65	\N	1000	1	2025-02-11 14:29:38.603208	2025-02-11 14:29:38.603208
97	67	\N	1000	1	2025-02-11 21:04:03.012346	2025-02-11 21:04:03.012346
99	68	\N	1000	1	2025-02-11 21:04:16.285033	2025-02-11 21:04:16.285033
108	77	637b8bce-8ac3-4757-a833-b85afe9049e1	0.1	1	2025-02-12 09:04:28.510176	2025-02-12 09:04:28.510176
109	78	4877a965-3564-414e-9bcb-3ada551675ec	500	1	2025-02-12 09:11:13.325356	2025-02-12 09:11:13.325356
110	79	4877a965-3564-414e-9bcb-3ada551675ec	500	1	2025-02-12 09:12:42.659812	2025-02-12 09:12:42.659812
111	80	0fccdbce-e03d-4ebd-a27e-ecd8aba11b25	44	1	2025-02-12 09:13:45.940964	2025-02-12 09:13:45.940964
112	81	123e4567-e89b-12d3-a456-426614174103	19.99	1	2025-02-12 09:14:53.284328	2025-02-12 09:14:53.284328
113	82	f0b8140d-f9d8-4a1b-8928-afc1e1a9e89c	500	1	2025-02-12 09:15:46.727986	2025-02-12 09:15:46.727986
114	83	71546acf-4c69-4a71-9870-7df720acc731	5000	1	2025-02-12 09:16:42.320729	2025-02-12 09:16:42.320729
115	84	8069fdd3-64dd-47d9-9d7d-a847c45d15a3	2000	1	2025-02-12 09:21:57.652989	2025-02-12 09:21:57.652989
116	84	a0bc4696-603a-4238-9089-15cf969ce8e7	200	1	2025-02-12 09:21:57.652989	2025-02-12 09:21:57.652989
118	86	f0b8140d-f9d8-4a1b-8928-afc1e1a9e89c	500	1	2025-02-12 15:43:48.500111	2025-02-12 15:43:48.500111
119	86	8069fdd3-64dd-47d9-9d7d-a847c45d15a3	2000	1	2025-02-12 15:43:48.500111	2025-02-12 15:43:48.500111
120	86	71546acf-4c69-4a71-9870-7df720acc731	5000	1	2025-02-12 15:43:48.500111	2025-02-12 15:43:48.500111
121	87	71546acf-4c69-4a71-9870-7df720acc731	5000	1	2025-02-12 15:46:07.196972	2025-02-12 15:46:07.196972
122	87	123e4567-e89b-12d3-a456-426614174103	19.99	1	2025-02-12 15:46:07.196972	2025-02-12 15:46:07.196972
123	87	8069fdd3-64dd-47d9-9d7d-a847c45d15a3	2000	1	2025-02-12 15:46:07.196972	2025-02-12 15:46:07.196972
124	88	71546acf-4c69-4a71-9870-7df720acc731	5000	1	2025-02-12 15:47:45.76203	2025-02-12 15:47:45.76203
125	88	8069fdd3-64dd-47d9-9d7d-a847c45d15a3	2000	1	2025-02-12 15:47:45.76203	2025-02-12 15:47:45.76203
126	88	123e4567-e89b-12d3-a456-426614174103	19.99	1	2025-02-12 15:47:45.76203	2025-02-12 15:47:45.76203
127	89	6824ce0e-0037-4034-8b00-5c9ae40e7c84	25	5	2025-02-12 15:52:54.199555	2025-02-12 15:52:54.199555
128	90	233dab8f-f158-484c-947b-56f1de2646f3	3444	1	2025-02-12 16:00:23.058059	2025-02-12 16:00:23.058059
129	90	92d967ad-6b15-4084-99a4-192e6d5ea538	5	1	2025-02-12 16:00:23.058059	2025-02-12 16:00:23.058059
130	90	4877a965-3564-414e-9bcb-3ada551675ec	500	1	2025-02-12 16:00:23.058059	2025-02-12 16:00:23.058059
131	91	92d967ad-6b15-4084-99a4-192e6d5ea538	5	1	2025-02-12 16:15:05.876078	2025-02-12 16:15:05.876078
132	91	233dab8f-f158-484c-947b-56f1de2646f3	3444	3	2025-02-12 16:15:05.876078	2025-02-12 16:15:05.876078
133	92	6824ce0e-0037-4034-8b00-5c9ae40e7c84	25	2	2025-02-12 19:21:25.980264	2025-02-12 19:21:25.980264
134	93	123e4567-e89b-12d3-a456-426614174103	19.99	1	2025-02-12 19:38:11.303587	2025-02-12 19:38:11.303587
135	94	71546acf-4c69-4a71-9870-7df720acc731	5000	1	2025-02-12 20:10:44.256773	2025-02-12 20:10:44.256773
136	95	8069fdd3-64dd-47d9-9d7d-a847c45d15a3	2000	1	2025-02-12 20:11:32.363378	2025-02-12 20:11:32.363378
137	95	4877a965-3564-414e-9bcb-3ada551675ec	500	1	2025-02-12 20:11:32.363378	2025-02-12 20:11:32.363378
138	96	123e4567-e89b-12d3-a456-426614174103	19.99	1	2025-02-12 20:11:52.476147	2025-02-12 20:11:52.476147
139	97	6824ce0e-0037-4034-8b00-5c9ae40e7c84	25	1	2025-02-12 21:07:49.870604	2025-02-12 21:07:49.870604
140	97	4877a965-3564-414e-9bcb-3ada551675ec	500	1	2025-02-12 21:07:49.870604	2025-02-12 21:07:49.870604
141	98	92d967ad-6b15-4084-99a4-192e6d5ea538	5	1	2025-02-12 21:08:43.925334	2025-02-12 21:08:43.925334
142	99	4877a965-3564-414e-9bcb-3ada551675ec	500	1	2025-02-12 21:18:00.743318	2025-02-12 21:18:00.743318
143	100	4877a965-3564-414e-9bcb-3ada551675ec	500	1	2025-02-12 21:23:24.604355	2025-02-12 21:23:24.604355
144	101	6824ce0e-0037-4034-8b00-5c9ae40e7c84	25	1	2025-02-13 18:45:34.142056	2025-02-13 18:45:34.142056
145	101	4877a965-3564-414e-9bcb-3ada551675ec	500	1	2025-02-13 18:45:34.142056	2025-02-13 18:45:34.142056
146	102	6824ce0e-0037-4034-8b00-5c9ae40e7c84	25	1	2025-02-13 19:03:19.086446	2025-02-13 19:03:19.086446
147	103	6824ce0e-0037-4034-8b00-5c9ae40e7c84	25	1	2025-02-13 19:04:24.638041	2025-02-13 19:04:24.638041
148	104	6824ce0e-0037-4034-8b00-5c9ae40e7c84	25	1	2025-02-13 19:06:21.393854	2025-02-13 19:06:21.393854
149	105	6824ce0e-0037-4034-8b00-5c9ae40e7c84	25	1	2025-02-13 19:28:09.859488	2025-02-13 19:28:09.859488
150	106	6824ce0e-0037-4034-8b00-5c9ae40e7c84	25	1	2025-02-13 19:29:11.425955	2025-02-13 19:29:11.425955
151	107	4877a965-3564-414e-9bcb-3ada551675ec	500	1	2025-02-13 19:30:52.110472	2025-02-13 19:30:52.110472
152	108	f4f39298-929f-4781-bfb3-c7987f11791d	500	3	2025-02-13 19:37:25.613184	2025-02-13 19:37:25.613184
153	108	4877a965-3564-414e-9bcb-3ada551675ec	500	2	2025-02-13 19:37:25.613184	2025-02-13 19:37:25.613184
154	108	6824ce0e-0037-4034-8b00-5c9ae40e7c84	25	2	2025-02-13 19:37:25.613184	2025-02-13 19:37:25.613184
156	109	6824ce0e-0037-4034-8b00-5c9ae40e7c84	25	2	2025-02-13 19:44:14.474371	2025-02-13 19:44:14.474371
157	110	f4f39298-929f-4781-bfb3-c7987f11791d	500	1	2025-02-13 19:45:44.365796	2025-02-13 19:45:44.365796
158	110	4877a965-3564-414e-9bcb-3ada551675ec	500	1	2025-02-13 19:45:44.365796	2025-02-13 19:45:44.365796
159	110	92d967ad-6b15-4084-99a4-192e6d5ea538	5	1	2025-02-13 19:45:44.365796	2025-02-13 19:45:44.365796
160	111	6824ce0e-0037-4034-8b00-5c9ae40e7c84	25	1	2025-02-13 19:51:03.41327	2025-02-13 19:51:03.41327
161	111	4877a965-3564-414e-9bcb-3ada551675ec	500	2	2025-02-13 19:51:03.41327	2025-02-13 19:51:03.41327
162	112	6824ce0e-0037-4034-8b00-5c9ae40e7c84	25	1	2025-02-13 20:02:33.771	2025-02-13 20:02:33.771
163	112	f4f39298-929f-4781-bfb3-c7987f11791d	500	2	2025-02-13 20:02:33.771	2025-02-13 20:02:33.771
164	113	f4f39298-929f-4781-bfb3-c7987f11791d	500	1	2025-02-13 20:06:02.991729	2025-02-13 20:06:02.991729
165	113	6824ce0e-0037-4034-8b00-5c9ae40e7c84	25	1	2025-02-13 20:06:02.991729	2025-02-13 20:06:02.991729
166	113	71546acf-4c69-4a71-9870-7df720acc731	5000	1	2025-02-13 20:06:02.991729	2025-02-13 20:06:02.991729
\.


--
-- Data for Name: order_status_logs; Type: TABLE DATA; Schema: public; Owner: -
--

COPY public.order_status_logs (log_id, order_id, status, changed_at) FROM stdin;
114	58	shipped	2025-02-10 23:15:41.587154
115	58	delivered	2025-02-10 23:17:22.008154
11	2	shipped	2025-01-31 15:49:37.230496
12	2	delivered	2025-01-31 15:49:43.218515
116	58	shipped	2025-02-10 23:47:46.1299
2	2	pending	2025-01-28 20:27:46.925941
14	3	pending	2025-01-31 20:18:30.584003
15	3	shipped	2025-01-31 20:44:36.818211
16	3	delivered	2025-01-31 20:45:21.955483
17	5	pending	2025-01-31 20:52:35.208765
18	6	pending	2025-01-31 20:55:21.927766
19	6	shipped	2025-02-01 00:15:22.375684
20	6	delivered	2025-02-01 00:15:26.772068
21	7	pending	2025-02-01 11:48:57.861386
22	7	shipped	2025-02-01 11:50:40.457881
23	7	delivered	2025-02-01 11:50:43.313808
24	8	pending	2025-02-01 11:57:41.547796
25	8	shipped	2025-02-01 12:47:47.963832
26	5	shipped	2025-02-01 12:48:39.595263
27	5	delivered	2025-02-01 12:50:19.526302
28	4	shipped	2025-02-01 13:53:28.036291
29	9	pending	2025-02-01 13:57:37.14518
30	9	shipped	2025-02-01 13:57:50.979463
31	9	delivered	2025-02-01 13:58:43.610872
32	8	shipped	2025-02-01 14:01:30.284414
33	8	delivered	2025-02-01 14:01:34.643809
34	10	pending	2025-02-01 14:49:27.640578
35	10	shipped	2025-02-01 18:52:55.93394
36	11	pending	2025-02-02 19:51:39.911792
37	12	pending	2025-02-02 19:53:50.425683
38	13	pending	2025-02-02 19:55:15.190544
39	15	pending	2025-02-02 19:57:31.542879
40	16	pending	2025-02-02 19:59:43.859202
41	17	pending	2025-02-02 20:03:50.034401
42	18	pending	2025-02-02 20:32:56.792643
43	19	pending	2025-02-02 20:42:17.81154
44	23	pending	2025-02-02 20:49:51.073998
45	24	shipped	2025-02-02 20:57:17.960598
46	24	delivered	2025-02-02 20:57:27.067294
47	25	pending	2025-02-02 21:01:33.152569
48	25	shipped	2025-02-02 21:02:08.180276
49	25	delivered	2025-02-02 21:02:14.930965
50	26	pending	2025-02-03 12:28:57.757123
51	27	pending	2025-02-03 19:52:03.656396
52	28	pending	2025-02-03 19:58:19.85591
53	28	shipped	2025-02-03 20:25:02.895383
54	28	delivered	2025-02-03 20:25:19.198943
55	29	pending	2025-02-04 19:44:02.642166
56	30	pending	2025-02-04 20:11:24.348922
57	31	pending	2025-02-04 20:18:18.157838
58	32	pending	2025-02-06 15:15:29.437605
59	32	delivered	2025-02-06 15:15:50.897984
60	33	pending	2025-02-06 17:35:25.069989
61	34	pending	2025-02-06 20:10:31.646432
62	34	shipped	2025-02-06 20:16:03.616859
63	34	delivered	2025-02-06 20:16:12.680396
64	35	pending	2025-02-06 21:31:13.118027
65	23	shipped	2025-02-07 15:21:51.942706
66	23	shipped	2025-02-07 15:22:01.417624
67	35	shipped	2025-02-07 15:23:13.986299
68	35	delivered	2025-02-07 15:23:24.217489
69	35	pending	2025-02-07 15:23:28.041909
70	30	shipped	2025-02-07 15:24:10.2909
71	35	pending	2025-02-07 15:32:34.23147
72	35	shipped	2025-02-07 15:33:14.322342
73	33	pending	2025-02-07 15:33:58.804216
74	33	pending	2025-02-07 15:37:32.578356
75	36	pending	2025-02-08 08:34:11.23355
76	37	pending	2025-02-08 10:28:35.706819
77	38	pending	2025-02-08 18:48:48.593645
78	39	pending	2025-02-08 20:42:16.923985
79	40	pending	2025-02-08 22:12:48.201011
80	41	pending	2025-02-10 00:25:42.61861
81	41	shipped	2025-02-10 00:32:41.783496
82	41	delivered	2025-02-10 00:35:15.050302
83	40	shipped	2025-02-10 00:38:33.053084
84	40	shipped	2025-02-10 00:39:17.901023
85	40	shipped	2025-02-10 00:40:56.831384
86	39	shipped	2025-02-10 00:45:43.759692
87	43	pending	2025-02-10 00:50:37.694013
88	44	pending	2025-02-10 00:50:48.068719
89	45	pending	2025-02-10 00:51:41.694228
90	45	shipped	2025-02-10 01:01:50.549577
91	46	pending	2025-02-10 01:10:20.356543
92	46	shipped	2025-02-10 14:11:38.36884
93	47	pending	2025-02-10 16:16:39.306747
94	48	pending	2025-02-10 16:19:05.108758
95	49	pending	2025-02-10 16:21:56.591804
96	50	pending	2025-02-10 16:29:01.388451
97	50	shipped	2025-02-10 17:13:56.966611
98	49	shipped	2025-02-10 17:14:06.69209
99	51	pending	2025-02-10 17:41:26.08873
100	52	pending	2025-02-10 17:48:47.104117
101	53	pending	2025-02-10 18:28:39.598705
102	53	shipped	2025-02-10 18:31:40.576643
103	52	shipped	2025-02-10 18:45:43.90503
104	54	pending	2025-02-10 18:57:24.522579
105	54	shipped	2025-02-10 19:30:56.602584
106	51	shipped	2025-02-10 19:41:08.601766
107	55	pending	2025-02-10 21:32:25.52456
108	56	pending	2025-02-10 21:33:17.743964
109	56	pending	2025-02-10 21:33:50.146304
110	56	shipped	2025-02-10 21:33:59.877634
111	56	delivered	2025-02-10 21:34:33.017141
112	57	pending	2025-02-10 21:37:35.005446
113	58	pending	2025-02-10 23:14:54.072484
117	57	shipped	2025-02-10 23:50:40.36187
118	58	pending	2025-02-11 06:21:20.061469
119	59	pending	2025-02-11 11:18:00.679303
120	59	shipped	2025-02-11 11:20:09.548934
121	60	pending	2025-02-11 12:36:15.321255
122	60	shipped	2025-02-11 13:51:56.459883
123	60	delivered	2025-02-11 13:52:09.660442
124	61	pending	2025-02-11 14:01:42.12574
127	61	pending	2025-02-11 14:10:43.878815
128	61	shipped	2025-02-11 14:15:19.42633
130	63	pending	2025-02-11 14:18:17.267878
132	65	pending	2025-02-11 14:29:39.016894
133	65	shipped	2025-02-11 14:33:02.888845
134	66	pending	2025-02-11 18:17:02.082928
135	66	shipped	2025-02-11 19:45:20.288186
138	58	shipped	2025-02-11 20:41:49.329527
139	48	shipped	2025-02-11 20:49:03.760195
140	48	delivered	2025-02-11 20:49:18.20023
141	48	shipped	2025-02-11 20:49:35.291952
142	69	pending	2025-02-11 21:04:38.271773
143	70	pending	2025-02-11 21:06:03.781072
144	71	pending	2025-02-11 21:06:35.233099
145	72	pending	2025-02-11 21:08:25.215662
146	73	pending	2025-02-11 21:11:03.244391
147	74	pending	2025-02-11 21:11:50.566404
148	74	shipped	2025-02-11 21:13:39.678651
149	75	pending	2025-02-11 21:24:15.763494
150	75	shipped	2025-02-11 22:48:02.509453
151	76	pending	2025-02-11 22:52:12.804473
152	77	pending	2025-02-12 09:04:28.795434
153	78	pending	2025-02-12 09:11:13.595312
154	79	pending	2025-02-12 09:12:43.671215
155	80	pending	2025-02-12 09:13:46.21162
156	81	pending	2025-02-12 09:14:53.539708
157	82	pending	2025-02-12 09:15:47.036506
158	83	pending	2025-02-12 09:16:42.574083
159	84	pending	2025-02-12 09:21:58.114395
160	84	shipped	2025-02-12 09:24:27.621518
163	86	pending	2025-02-12 15:43:49.494583
164	87	pending	2025-02-12 15:46:07.826262
165	88	pending	2025-02-12 15:47:46.479313
166	87	pending	2025-02-12 15:47:53.824845
167	87	delivered	2025-02-12 15:48:27.98438
168	88	shipped	2025-02-12 15:51:24.717234
169	89	pending	2025-02-12 15:52:54.521319
170	89	shipped	2025-02-12 15:53:58.533535
171	89	delivered	2025-02-12 15:54:15.636002
172	88	delivered	2025-02-12 15:58:50.069803
173	90	pending	2025-02-12 16:00:24.373377
174	91	pending	2025-02-12 16:15:06.399643
175	91	shipped	2025-02-12 16:16:49.296996
176	91	delivered	2025-02-12 16:16:58.775927
177	92	pending	2025-02-12 19:21:26.240166
178	93	pending	2025-02-12 19:38:11.562738
179	93	delivered	2025-02-12 20:07:38.615155
180	94	pending	2025-02-12 20:10:44.482973
181	95	pending	2025-02-12 20:11:32.75578
182	96	pending	2025-02-12 20:11:52.699744
183	97	pending	2025-02-12 21:07:51.52322
184	98	pending	2025-02-12 21:08:46.323786
185	99	pending	2025-02-12 21:18:03.353263
186	100	pending	2025-02-12 21:23:25.627596
187	101	pending	2025-02-13 18:45:34.720245
188	102	pending	2025-02-13 19:03:19.521206
189	103	pending	2025-02-13 19:04:24.943398
190	104	pending	2025-02-13 19:06:21.875338
191	105	pending	2025-02-13 19:28:10.194337
192	106	pending	2025-02-13 19:29:11.812112
193	107	pending	2025-02-13 19:30:52.410769
194	108	pending	2025-02-13 19:37:26.815563
195	109	pending	2025-02-13 19:44:15.2781
196	110	pending	2025-02-13 19:45:45.417076
197	111	pending	2025-02-13 19:51:03.993571
198	112	pending	2025-02-13 20:02:34.375843
199	113	pending	2025-02-13 20:06:03.8781
\.


--
-- Data for Name: orders; Type: TABLE DATA; Schema: public; Owner: -
--

COPY public.orders (order_id, user_id, status, total_cost, order_date, shipping_address, city, country, zipcode, created_at, updated_at, note, paid_amount) FROM stdin;
15	790a7241-4a2b-41a6-bcf3-f7cf36505ff5	pending	200	2025-02-02 19:57:28.783501+00	vb bvb	bba	dz	555	2025-02-02 19:57:28.783501+00	2025-02-02 19:57:28.783501+00	\N	\N
16	790a7241-4a2b-41a6-bcf3-f7cf36505ff5	pending	519.99	2025-02-02 19:59:43.546242+00	vb bvb	bba	dz	555	2025-02-02 19:59:43.546242+00	2025-02-02 19:59:43.546242+00	\N	\N
17	790a7241-4a2b-41a6-bcf3-f7cf36505ff5	pending	3963.99	2025-02-02 20:03:49.721883+00	vb bvb	bba	dz	555	2025-02-02 20:03:49.721883+00	2025-02-02 20:03:49.721883+00	\N	\N
18	46b7c73f-7384-404d-ac85-3c58a88f5dba	pending	2000	2025-02-02 20:32:56.535115+00	Hafod	Bvb	Hafod	0888	2025-02-02 20:32:56.535115+00	2025-02-02 20:32:56.535115+00	\N	\N
19	46b7c73f-7384-404d-ac85-3c58a88f5dba	pending	19.99	2025-02-02 20:42:17.521885+00	Hafod	Bvb	Hafod	0888	2025-02-02 20:42:17.521885+00	2025-02-02 20:42:17.521885+00	\N	\N
20	46b7c73f-7384-404d-ac85-3c58a88f5dba	pending	119.94	2025-02-02 20:47:04.670474+00	Hafod	Bvb	Hafod	0888	2025-02-02 20:47:04.670474+00	2025-02-02 20:47:04.670474+00	\N	\N
21	46b7c73f-7384-404d-ac85-3c58a88f5dba	pending	119.94	2025-02-02 20:47:08.514691+00	Hafod	Bvb	Hafod	0888	2025-02-02 20:47:08.514691+00	2025-02-02 20:47:08.514691+00	\N	\N
22	46b7c73f-7384-404d-ac85-3c58a88f5dba	pending	119.94	2025-02-02 20:47:23.254852+00	Hafod	Bvb	Hafod	0888	2025-02-02 20:47:23.254852+00	2025-02-02 20:47:23.254852+00	\N	\N
24	790a7241-4a2b-41a6-bcf3-f7cf36505ff5	delivered	1000	2025-02-02 20:50:10.884105+00	vb bvb	bba	dz	555	2025-02-02 20:50:10.884105+00	2025-02-02 20:50:10.884105+00	\N	\N
33	790a7241-4a2b-41a6-bcf3-f7cf36505ff5	pending	1500	2025-02-06 17:35:24.481782+00	Bba bba 45557	Bba	Algeria 	34012	2025-02-06 17:35:24.481782+00	2025-02-06 17:35:24.481782+00	ريڤلنا خفيف	50
25	46b7c73f-7384-404d-ac85-3c58a88f5dba	delivered	4439.98	2025-02-02 21:01:32.660907+00	Hafod	Bvb	Hafod	0888	2025-02-02 21:01:32.660907+00	2025-02-02 21:01:32.660907+00	\N	\N
2	550e8400-e29b-41d4-a716-446655440001	delivered	400	2025-01-28 20:22:54.474483+00	dfgdfg dfg dfg dfg dfg dfg dfg	bordj	dz	3400	2025-01-28 20:22:54.474483+00	2025-01-28 20:22:54.474483+00	\N	\N
26	790a7241-4a2b-41a6-bcf3-f7cf36505ff5	pending	1500	2025-02-03 12:28:43.735019+00	vb bvb	bba	dz	555	2025-02-03 12:28:43.735019+00	2025-02-03 12:28:43.735019+00	\N	\N
27	790a7241-4a2b-41a6-bcf3-f7cf36505ff5	pending	600	2025-02-03 19:51:47.785744+00	vb bvb	bba	dz	555	2025-02-03 19:51:47.785744+00	2025-02-03 19:51:47.785744+00	\N	\N
3	163cdf6c-2287-4f80-b460-850c965f2967	delivered	879.96	2025-01-31 20:18:30.059655+00	Gg	Ff	Dw	2588	2025-01-31 20:18:30.059655+00	2025-01-31 20:18:30.059655+00	\N	\N
6	163cdf6c-2287-4f80-b460-850c965f2967	delivered	59.97	2025-01-31 20:55:21.622392+00	]]]]	Ff	]]]	555	2025-01-31 20:55:21.622392+00	2025-01-31 20:55:21.622392+00	\N	\N
36	790a7241-4a2b-41a6-bcf3-f7cf36505ff5	pending	3175	2025-02-08 08:34:10.505938+00	Y	Y	H	2	2025-02-08 08:34:10.505938+00	2025-02-08 08:34:10.505938+00		0
7	163cdf6c-2287-4f80-b460-850c965f2967	delivered	699	2025-02-01 11:48:57.573387+00	Hhhhh	Hhhh	Hhh	10	2025-02-01 11:48:57.573387+00	2025-02-01 11:48:57.573387+00	\N	\N
28	790a7241-4a2b-41a6-bcf3-f7cf36505ff5	delivered	5549	2025-02-03 19:58:07.287567+00	vb bvb	bba	dz	555	2025-02-03 19:58:07.287567+00	2025-02-03 19:58:07.287567+00	\N	\N
29	790a7241-4a2b-41a6-bcf3-f7cf36505ff5	pending	1500	2025-02-04 19:44:00.370825+00	vb bvb	bba	dz	555	2025-02-04 19:44:00.370825+00	2025-02-04 19:44:00.370825+00	\N	\N
5	163cdf6c-2287-4f80-b460-850c965f2967	delivered	39.98	2025-01-31 20:52:34.677609+00	Eee	Ggg	Ttt	258	2025-01-31 20:52:34.677609+00	2025-01-31 20:52:34.677609+00	\N	\N
4	163cdf6c-2287-4f80-b460-850c965f2967	shipped	39.98	2025-01-31 20:50:38.902582+00	Eee	Ggg	Ttt	258	2025-01-31 20:50:38.902582+00	2025-01-31 20:50:38.902582+00	\N	\N
37	790a7241-4a2b-41a6-bcf3-f7cf36505ff5	pending	2200	2025-02-08 10:28:34.168519+00	Azaz	Bba	Bbaaaaa 	455	2025-02-08 10:28:34.168519+00	2025-02-08 10:28:34.168519+00		0
31	790a7241-4a2b-41a6-bcf3-f7cf36505ff5	pending	500	2025-02-04 20:18:17.767619+00	vb bvb	bba	dz	555	2025-02-04 20:18:17.767619+00	2025-02-04 20:18:17.767619+00		\N
8	163cdf6c-2287-4f80-b460-850c965f2967	delivered	200	2025-02-01 11:57:41.241555+00	Hhhhh	Hhhh	Hhh	10	2025-02-01 11:57:41.241555+00	2025-02-01 11:57:41.241555+00	\N	\N
10	163cdf6c-2287-4f80-b460-850c965f2967	shipped	105.97999999999999	2025-02-01 14:49:27.376282+00	Hhhhh	Hhhh	Hhh	10	2025-02-01 14:49:27.376282+00	2025-02-01 14:49:27.376282+00	\N	\N
11	790a7241-4a2b-41a6-bcf3-f7cf36505ff5	pending	1019.99	2025-02-02 19:51:39.527027+00	vb bvb	bba	dz	555	2025-02-02 19:51:39.527027+00	2025-02-02 19:51:39.527027+00	\N	\N
12	46b7c73f-7384-404d-ac85-3c58a88f5dba	pending	800	2025-02-02 19:53:49.684719+00	Hafod	Bvb	Hafod	0888	2025-02-02 19:53:49.684719+00	2025-02-02 19:53:49.684719+00	\N	\N
13	790a7241-4a2b-41a6-bcf3-f7cf36505ff5	pending	500	2025-02-02 19:55:14.892136+00	vb bvb	bba	dz	555	2025-02-02 19:55:14.892136+00	2025-02-02 19:55:14.892136+00	\N	\N
14	\N	pendding	23123	2025-02-02 19:56:27.712538+00	dfg	dfgdfg	dfg	3211	2025-02-02 19:56:27.712538+00	2025-02-02 19:56:27.712538+00	\N	\N
32	790a7241-4a2b-41a6-bcf3-f7cf36505ff5	delivered	2000	2025-02-06 15:15:28.879839+00	14 rue cl lots 265	Bordj	Algérie 	34000	2025-02-06 15:15:28.879839+00	2025-02-06 15:15:28.879839+00	Salam 	\N
38	790a7241-4a2b-41a6-bcf3-f7cf36505ff5	pending	500	2025-02-08 18:48:48.060725+00	Azaz	Bba	Bbaaaaa 	455	2025-02-08 18:48:48.060725+00	2025-02-08 18:48:48.060725+00		0
34	790a7241-4a2b-41a6-bcf3-f7cf36505ff5	delivered	400	2025-02-06 20:10:28.343089+00	Bba	Bordj	Dz	3488	2025-02-06 20:10:28.343089+00	2025-02-06 20:10:28.343089+00	Gg vv nb	\N
9	163cdf6c-2287-4f80-b460-850c965f2967	delivered	5384.96	2025-02-01 13:57:34.424209+00	Hhhhh	Hhhh	Hhh	10	2025-02-01 13:57:34.424209+00	2025-02-01 13:57:34.424209+00	\N	5000
23	46b7c73f-7384-404d-ac85-3c58a88f5dba	shipped	119.94	2025-02-02 20:49:50.69809+00	Hafod	Bvb	Hafod	0888	2025-02-02 20:49:50.69809+00	2025-02-02 20:49:50.69809+00	\N	50
50	790a7241-4a2b-41a6-bcf3-f7cf36505ff5	shipped	23079.96	2025-02-10 16:28:59.956946+00	Azaz	Bba	Bbaaaaa 	455	2025-02-10 16:28:59.956946+00	2025-02-10 16:28:59.956946+00	شحن إلى المحل 	0
41	790a7241-4a2b-41a6-bcf3-f7cf36505ff5	delivered	500	2025-02-10 00:25:42.175935+00	Azaz	Bba	Bbaaaaa 	455	2025-02-10 00:25:42.175935+00	2025-02-10 00:25:42.175935+00		0
49	790a7241-4a2b-41a6-bcf3-f7cf36505ff5	shipped	5	2025-02-10 16:21:56.087495+00	Azaz	Bba	Bbaaaaa 	455	2025-02-10 16:21:56.087495+00	2025-02-10 16:21:56.087495+00		0
30	790a7241-4a2b-41a6-bcf3-f7cf36505ff5	shipped	500	2025-02-04 20:11:23.89646+00	vb bvb	bba	dz	555	2025-02-04 20:11:23.89646+00	2025-02-04 20:11:23.89646+00	Dar	50
40	790a7241-4a2b-41a6-bcf3-f7cf36505ff5	shipped	2500	2025-02-08 22:12:47.824089+00	Azaz	Bba	Bbaaaaa 	455	2025-02-08 22:12:47.824089+00	2025-02-08 22:12:47.824089+00		0
39	790a7241-4a2b-41a6-bcf3-f7cf36505ff5	shipped	3000	2025-02-08 20:42:16.379331+00	Azaz	Bba	Bbaaaaa 	455	2025-02-08 20:42:16.379331+00	2025-02-08 20:42:16.379331+00	توصيل للمحل 	2000
42	790a7241-4a2b-41a6-bcf3-f7cf36505ff5	pending	500	2025-02-10 00:49:07.132733+00	Azaz	Bba	Bbaaaaa 	455	2025-02-10 00:49:07.132733+00	2025-02-10 00:49:07.132733+00		0
35	790a7241-4a2b-41a6-bcf3-f7cf36505ff5	shipped	1200	2025-02-06 21:31:12.516854+00	u	u	u	u	2025-02-06 21:31:12.516854+00	2025-02-06 21:31:12.516854+00		50
43	790a7241-4a2b-41a6-bcf3-f7cf36505ff5	pending	0	2025-02-10 00:50:37.34744+00	Azaz	Bba	Bbaaaaa 	455	2025-02-10 00:50:37.34744+00	2025-02-10 00:50:37.34744+00		0
44	790a7241-4a2b-41a6-bcf3-f7cf36505ff5	pending	500	2025-02-10 00:50:47.567535+00	Azaz	Bba	Bbaaaaa 	455	2025-02-10 00:50:47.567535+00	2025-02-10 00:50:47.567535+00		0
45	790a7241-4a2b-41a6-bcf3-f7cf36505ff5	shipped	1500	2025-02-10 00:51:41.027955+00	Azaz	Bba	Bbaaaaa 	455	2025-02-10 00:51:41.027955+00	2025-02-10 00:51:41.027955+00	Gg	0
46	790a7241-4a2b-41a6-bcf3-f7cf36505ff5	shipped	2000	2025-02-10 01:10:19.7711+00	Azaz	Bba	Bbaaaaa 	455	2025-02-10 01:10:19.7711+00	2025-02-10 01:10:19.7711+00		0
47	790a7241-4a2b-41a6-bcf3-f7cf36505ff5	pending	3474	2025-02-10 16:16:38.476804+00	Azaz	Bba	Bbaaaaa 	455	2025-02-10 16:16:38.476804+00	2025-02-10 16:16:38.476804+00		0
53	790a7241-4a2b-41a6-bcf3-f7cf36505ff5	shipped	5000	2025-02-10 18:28:38.947104+00	Azaz	Bba	Bbaaaaa 	455	2025-02-10 18:28:38.947104+00	2025-02-10 18:28:38.947104+00		0
52	790a7241-4a2b-41a6-bcf3-f7cf36505ff5	shipped	5500	2025-02-10 17:48:46.511516+00	Azaz	Bba	Bbaaaaa 	455	2025-02-10 17:48:46.511516+00	2025-02-10 17:48:46.511516+00		0
54	790a7241-4a2b-41a6-bcf3-f7cf36505ff5	shipped	44	2025-02-10 18:57:23.329423+00	Azaz	Bba	Bbaaaaa 	455	2025-02-10 18:57:23.329423+00	2025-02-10 18:57:23.329423+00		0
51	790a7241-4a2b-41a6-bcf3-f7cf36505ff5	shipped	5500	2025-02-10 17:41:25.41165+00	Azaz	Bba	Bbaaaaa 	455	2025-02-10 17:41:25.41165+00	2025-02-10 17:41:25.41165+00		0
55	790a7241-4a2b-41a6-bcf3-f7cf36505ff5	pending	5000	2025-02-10 21:32:23.99467+00	Azaz	Bba	Bbaaaaa 	455	2025-02-10 21:32:23.99467+00	2025-02-10 21:32:23.99467+00		0
59	790a7241-4a2b-41a6-bcf3-f7cf36505ff5	shipped	5000	2025-02-11 11:18:00.205349+00	لاقراف	برج بوعريريج 	الجزائر 	34000	2025-02-11 11:18:00.205349+00	2025-02-11 11:18:00.205349+00	ماتنساولناش لبون	0
56	790a7241-4a2b-41a6-bcf3-f7cf36505ff5	delivered	44	2025-02-10 21:33:16.527539+00	Azaz	Bba	Bbaaaaa 	455	2025-02-10 21:33:16.527539+00	2025-02-10 21:33:16.527539+00		0
48	790a7241-4a2b-41a6-bcf3-f7cf36505ff5	shipped	5	2025-02-10 16:19:04.6834+00	Azaz	Bba	Bbaaaaa 	455	2025-02-10 16:19:04.6834+00	2025-02-10 16:19:04.6834+00		0
57	790a7241-4a2b-41a6-bcf3-f7cf36505ff5	shipped	5500	2025-02-10 21:37:34.510989+00	Azaz	Bba	Bbaaaaa 	455	2025-02-10 21:37:34.510989+00	2025-02-10 21:37:34.510989+00		0
60	790a7241-4a2b-41a6-bcf3-f7cf36505ff5	delivered	12000	2025-02-11 12:36:14.681337+00	لاقراف	برج بوعريريج 	الجزائر 	34000	2025-02-11 12:36:14.681337+00	2025-02-11 12:36:14.681337+00	Merci\n	0
63	790a7241-4a2b-41a6-bcf3-f7cf36505ff5	pending	1000	2025-02-11 14:18:16.818355+00	لاقراف	برج بوعريريج 	الجزائر 	34000	2025-02-11 14:18:16.818355+00	2025-02-11 14:18:16.818355+00		0
61	790a7241-4a2b-41a6-bcf3-f7cf36505ff5	shipped	6000	2025-02-11 14:01:41.049058+00	لاقراف	برج بوعريريج 	الجزائر 	34000	2025-02-11 14:01:41.049058+00	2025-02-11 14:01:41.049058+00		0
65	790a7241-4a2b-41a6-bcf3-f7cf36505ff5	shipped	1000	2025-02-11 14:29:38.246979+00	لاقراف	برج بوعريريج 	الجزائر 	34000	2025-02-11 14:29:38.246979+00	2025-02-11 14:29:38.246979+00		0
66	790a7241-4a2b-41a6-bcf3-f7cf36505ff5	shipped	500	2025-02-11 18:17:01.371476+00	لاقراف	برج بوعريريج 	الجزائر 	34000	2025-02-11 18:17:01.371476+00	2025-02-11 18:17:01.371476+00		0
92	790a7241-4a2b-41a6-bcf3-f7cf36505ff5	pending	50	2025-02-12 19:21:25.830419+00	لاقراف	برج بوعريريج 	الجزائر 	34000	2025-02-12 19:21:25.830419+00	2025-02-12 19:21:25.830419+00		0
58	790a7241-4a2b-41a6-bcf3-f7cf36505ff5	shipped	5000	2025-02-10 23:14:53.634301+00	Azaz	Bba	Bbaaaaa 	455	2025-02-10 23:14:53.634301+00	2025-02-10 23:14:53.634301+00		0
67	790a7241-4a2b-41a6-bcf3-f7cf36505ff5	pending	1044	2025-02-11 21:04:02.750802+00	لاقراف	برج بوعريريج 	الجزائر 	34000	2025-02-11 21:04:02.750802+00	2025-02-11 21:04:02.750802+00		0
68	790a7241-4a2b-41a6-bcf3-f7cf36505ff5	pending	1044	2025-02-11 21:04:16.078011+00	لاقراف	برج بوعريريج 	الجزائر 	34000	2025-02-11 21:04:16.078011+00	2025-02-11 21:04:16.078011+00		0
69	790a7241-4a2b-41a6-bcf3-f7cf36505ff5	pending	0	2025-02-11 21:04:37.999613+00	لاقراف	برج بوعريريج 	الجزائر 	34000	2025-02-11 21:04:37.999613+00	2025-02-11 21:04:37.999613+00		0
70	790a7241-4a2b-41a6-bcf3-f7cf36505ff5	pending	44	2025-02-11 21:06:03.374118+00	لاقراف	برج بوعريريج 	الجزائر 	34000	2025-02-11 21:06:03.374118+00	2025-02-11 21:06:03.374118+00		0
71	790a7241-4a2b-41a6-bcf3-f7cf36505ff5	pending	44	2025-02-11 21:06:34.863098+00	لاقراف	برج بوعريريج 	الجزائر 	34000	2025-02-11 21:06:34.863098+00	2025-02-11 21:06:34.863098+00		0
72	790a7241-4a2b-41a6-bcf3-f7cf36505ff5	pending	44	2025-02-11 21:08:24.807591+00	لاقراف	برج بوعريريج 	الجزائر 	34000	2025-02-11 21:08:24.807591+00	2025-02-11 21:08:24.807591+00		0
73	790a7241-4a2b-41a6-bcf3-f7cf36505ff5	pending	44	2025-02-11 21:11:02.777272+00	لاقراف	برج بوعريريج 	الجزائر 	34000	2025-02-11 21:11:02.777272+00	2025-02-11 21:11:02.777272+00		0
74	790a7241-4a2b-41a6-bcf3-f7cf36505ff5	shipped	1500	2025-02-11 21:11:42.219689+00	لاقراف	برج بوعريريج 	الجزائر 	34000	2025-02-11 21:11:42.219689+00	2025-02-11 21:11:42.219689+00		0
75	790a7241-4a2b-41a6-bcf3-f7cf36505ff5	shipped	500	2025-02-11 21:24:15.359754+00	لاقراف	برج بوعريريج 	الجزائر 	34000	2025-02-11 21:24:15.359754+00	2025-02-11 21:24:15.359754+00		0
76	790a7241-4a2b-41a6-bcf3-f7cf36505ff5	pending	5000	2025-02-11 22:52:12.313982+00	لاقراف	برج بوعريريج 	الجزائر 	34000	2025-02-11 22:52:12.313982+00	2025-02-11 22:52:12.313982+00		0
77	790a7241-4a2b-41a6-bcf3-f7cf36505ff5	pending	0.1	2025-02-12 09:04:28.372674+00	لاقراف	برج بوعريريج 	الجزائر 	34000	2025-02-12 09:04:28.372674+00	2025-02-12 09:04:28.372674+00		0
78	790a7241-4a2b-41a6-bcf3-f7cf36505ff5	pending	500	2025-02-12 09:11:13.206735+00	لاقراف	برج بوعريريج 	الجزائر 	34000	2025-02-12 09:11:13.206735+00	2025-02-12 09:11:13.206735+00		0
79	790a7241-4a2b-41a6-bcf3-f7cf36505ff5	pending	500	2025-02-12 09:12:42.314315+00	لاقراف	برج بوعريريج 	الجزائر 	34000	2025-02-12 09:12:42.314315+00	2025-02-12 09:12:42.314315+00		0
80	790a7241-4a2b-41a6-bcf3-f7cf36505ff5	pending	44	2025-02-12 09:13:45.800019+00	لاقراف	برج بوعريريج 	الجزائر 	34000	2025-02-12 09:13:45.800019+00	2025-02-12 09:13:45.800019+00		0
81	790a7241-4a2b-41a6-bcf3-f7cf36505ff5	pending	19.99	2025-02-12 09:14:53.154178+00	لاقراف	برج بوعريريج 	الجزائر 	34000	2025-02-12 09:14:53.154178+00	2025-02-12 09:14:53.154178+00		0
82	790a7241-4a2b-41a6-bcf3-f7cf36505ff5	pending	500	2025-02-12 09:15:46.584836+00	لاقراف	برج بوعريريج 	الجزائر 	34000	2025-02-12 09:15:46.584836+00	2025-02-12 09:15:46.584836+00		0
83	790a7241-4a2b-41a6-bcf3-f7cf36505ff5	pending	5000	2025-02-12 09:16:42.19624+00	لاقراف	برج بوعريريج 	الجزائر 	34000	2025-02-12 09:16:42.19624+00	2025-02-12 09:16:42.19624+00		0
84	790a7241-4a2b-41a6-bcf3-f7cf36505ff5	shipped	2200	2025-02-12 09:21:57.505822+00	لاقراف	برج بوعريريج 	الجزائر 	34000	2025-02-12 09:21:57.505822+00	2025-02-12 09:21:57.505822+00		0
93	790a7241-4a2b-41a6-bcf3-f7cf36505ff5	delivered	19.99	2025-02-12 19:38:11.18452+00	لاقراف	برج بوعريريج 	الجزائر 	34000	2025-02-12 19:38:11.18452+00	2025-02-12 19:38:11.18452+00		0
86	790a7241-4a2b-41a6-bcf3-f7cf36505ff5	pending	7500	2025-02-12 15:43:48.251253+00	لاقراف	برج بوعريريج 	الجزائر 	34000	2025-02-12 15:43:48.251253+00	2025-02-12 15:43:48.251253+00	جيبهم لدار 	0
94	790a7241-4a2b-41a6-bcf3-f7cf36505ff5	pending	5000	2025-02-12 20:10:44.148392+00	لاقراف	برج بوعريريج 	الجزائر 	34000	2025-02-12 20:10:44.148392+00	2025-02-12 20:10:44.148392+00		0
87	790a7241-4a2b-41a6-bcf3-f7cf36505ff5	delivered	7019.99	2025-02-12 15:46:06.992681+00	لاقراف	برج بوعريريج 	الجزائر 	34000	2025-02-12 15:46:06.992681+00	2025-02-12 15:46:06.992681+00		0
95	790a7241-4a2b-41a6-bcf3-f7cf36505ff5	pending	2500	2025-02-12 20:11:32.24869+00	لاقراف	برج بوعريريج 	الجزائر 	34000	2025-02-12 20:11:32.24869+00	2025-02-12 20:11:32.24869+00		0
96	790a7241-4a2b-41a6-bcf3-f7cf36505ff5	pending	19.99	2025-02-12 20:11:52.341354+00	لاقراف	برج بوعريريج 	الجزائر 	34000	2025-02-12 20:11:52.341354+00	2025-02-12 20:11:52.341354+00		0
89	790a7241-4a2b-41a6-bcf3-f7cf36505ff5	delivered	125	2025-02-12 15:52:54.049922+00	لاقراف	برج بوعريريج 	الجزائر 	34000	2025-02-12 15:52:54.049922+00	2025-02-12 15:52:54.049922+00		0
88	790a7241-4a2b-41a6-bcf3-f7cf36505ff5	delivered	7019.99	2025-02-12 15:47:45.612763+00	لاقراف	برج بوعريريج 	الجزائر 	34000	2025-02-12 15:47:45.612763+00	2025-02-12 15:47:45.612763+00		0
90	790a7241-4a2b-41a6-bcf3-f7cf36505ff5	pending	3949	2025-02-12 16:00:22.210875+00	لاقراف	برج بوعريريج 	الجزائر 	34000	2025-02-12 16:00:22.210875+00	2025-02-12 16:00:22.210875+00	Saad	0
97	790a7241-4a2b-41a6-bcf3-f7cf36505ff5	pending	525	2025-02-12 21:07:49.62091+00	لاقراف	برج بوعريريج 	الجزائر 	34000	2025-02-12 21:07:49.62091+00	2025-02-12 21:07:49.62091+00		0
91	74d60eb1-3ba5-4f9d-9733-6c985d1fc749	delivered	10337	2025-02-12 16:15:05.708074+00	راس الواد	لندن	اسبانيا	34000	2025-02-12 16:15:05.708074+00	2025-02-12 16:15:05.708074+00	غصبو 	0
98	790a7241-4a2b-41a6-bcf3-f7cf36505ff5	pending	5	2025-02-12 21:08:43.803025+00	لاقراف	برج بوعريريج 	الجزائر 	34000	2025-02-12 21:08:43.803025+00	2025-02-12 21:08:43.803025+00		0
99	790a7241-4a2b-41a6-bcf3-f7cf36505ff5	pending	500	2025-02-12 21:17:59.404656+00	لاقراف	برج بوعريريج 	الجزائر 	34000	2025-02-12 21:17:59.404656+00	2025-02-12 21:17:59.404656+00		0
100	790a7241-4a2b-41a6-bcf3-f7cf36505ff5	pending	500	2025-02-12 21:23:23.422993+00	لاقراف	برج بوعريريج 	الجزائر 	34000	2025-02-12 21:23:23.422993+00	2025-02-12 21:23:23.422993+00		0
101	790a7241-4a2b-41a6-bcf3-f7cf36505ff5	pending	525	2025-02-13 18:45:33.954555+00	لاقراف	برج بوعريريج 	الجزائر 	34000	2025-02-13 18:45:33.954555+00	2025-02-13 18:45:33.954555+00		0
102	790a7241-4a2b-41a6-bcf3-f7cf36505ff5	pending	25	2025-02-13 19:03:18.921899+00	لاقراف	برج بوعريريج 	الجزائر 	34000	2025-02-13 19:03:18.921899+00	2025-02-13 19:03:18.921899+00		0
103	790a7241-4a2b-41a6-bcf3-f7cf36505ff5	pending	25	2025-02-13 19:04:24.465843+00	لاقراف	برج بوعريريج 	الجزائر 	34000	2025-02-13 19:04:24.465843+00	2025-02-13 19:04:24.465843+00		0
104	790a7241-4a2b-41a6-bcf3-f7cf36505ff5	pending	25	2025-02-13 19:06:20.792126+00	لاقراف	برج بوعريريج 	الجزائر 	34000	2025-02-13 19:06:20.792126+00	2025-02-13 19:06:20.792126+00		0
105	790a7241-4a2b-41a6-bcf3-f7cf36505ff5	pending	25	2025-02-13 19:28:09.691718+00	لاقراف	برج بوعريريج 	الجزائر 	34000	2025-02-13 19:28:09.691718+00	2025-02-13 19:28:09.691718+00		0
106	790a7241-4a2b-41a6-bcf3-f7cf36505ff5	pending	25	2025-02-13 19:29:11.266797+00	لاقراف	برج بوعريريج 	الجزائر 	34000	2025-02-13 19:29:11.266797+00	2025-02-13 19:29:11.266797+00		0
107	790a7241-4a2b-41a6-bcf3-f7cf36505ff5	pending	500	2025-02-13 19:30:51.963825+00	لاقراف	برج بوعريريج 	الجزائر 	34000	2025-02-13 19:30:51.963825+00	2025-02-13 19:30:51.963825+00		0
108	790a7241-4a2b-41a6-bcf3-f7cf36505ff5	pending	2550	2025-02-13 19:37:25.478163+00	لاقراف	برج بوعريريج 	الجزائر 	34000	2025-02-13 19:37:25.478163+00	2025-02-13 19:37:25.478163+00		0
109	790a7241-4a2b-41a6-bcf3-f7cf36505ff5	pending	1050	2025-02-13 19:44:14.283623+00	لاقراف	برج بوعريريج 	الجزائر 	34000	2025-02-13 19:44:14.283623+00	2025-02-13 19:44:14.283623+00		0
110	790a7241-4a2b-41a6-bcf3-f7cf36505ff5	pending	1005	2025-02-13 19:45:43.774942+00	لاقراف	برج بوعريريج 	الجزائر 	34000	2025-02-13 19:45:43.774942+00	2025-02-13 19:45:43.774942+00		0
111	790a7241-4a2b-41a6-bcf3-f7cf36505ff5	pending	1025	2025-02-13 19:51:03.194528+00	لاقراف	برج بوعريريج 	الجزائر 	34000	2025-02-13 19:51:03.194528+00	2025-02-13 19:51:03.194528+00	Slm	0
112	790a7241-4a2b-41a6-bcf3-f7cf36505ff5	pending	1025	2025-02-13 20:02:33.49554+00	لاقراف	برج بوعريريج 	الجزائر 	34000	2025-02-13 20:02:33.49554+00	2025-02-13 20:02:33.49554+00	توصيل للدار	0
113	790a7241-4a2b-41a6-bcf3-f7cf36505ff5	pending	5525	2025-02-13 20:06:02.741685+00	لاقراف	برج بوعريريج 	الجزائر 	34000	2025-02-13 20:06:02.741685+00	2025-02-13 20:06:02.741685+00		0
\.


--
-- Data for Name: products; Type: TABLE DATA; Schema: public; Owner: -
--

COPY public.products (id, title, sku, price, image_url, description, category_id, quantity, created_at, updated_at, vip, oldprice, issold, isnew, sold_count, brand, max) FROM stdin;
f4f39298-929f-4781-bfb3-c7987f11791d	zezezezggggg	ggg	500	products/1738337227579.png	Gfhhfdd	\N	799936	2025-01-26 18:17:44.698624+00	2025-01-26 18:17:44.698624+00	f	\N	f	t	64	bifa	3
b3225a24-4cbe-4667-90fe-049c0fce32b2	Gg	P35898	500	products/1738669494101.png	Gghh	\N	0	2025-02-04 11:44:54.949816+00	2025-02-04 11:44:54.949816+00	f	\N	\N	t	30	\N	\N
6824ce0e-0037-4034-8b00-5c9ae40e7c84	Ghgf	Ffg	25	products/1738528416327.png	Ffhhh	\N	23	2025-02-02 20:33:37.861275+00	2025-02-02 20:33:37.861275+00	f	\N	\N	t	32	\N	\N
71546acf-4c69-4a71-9870-7df720acc731	نظارات	P39771	5000	products/1739206857795.png	قبل منتصف الليل بقليل كنت أكتب قصة، سمعت طرقات على باب البيت، ربما الجرس معطل، سألت بصوت مرتفع: من؟ جاء الرد بصوت غريب وكأنه مقبل من جهاز أو آلة: أنا جارك الجديد في العمارة، قبل ساعات رحلت وعائلتي إلى هنا، أريد قليلاً من السكر لو سمحت، فتحت الباب ووقفت وجه لوجه أمام رجل ملامحه غريبة، يبدو كدمية ضخمة، دفعني بيده إلى الداخل وأغلق الباب.	\N	34	2025-02-10 17:00:59.659612+00	2025-02-10 17:00:59.659612+00	f	\N	\N	\N	16	\N	5
0fccdbce-e03d-4ebd-a27e-ecd8aba11b25	hhhhhhhhh	hh	44	products/1738337227579.png	dd	\N	0	2025-01-31 17:16:50.003683+00	2025-01-31 17:16:50.003683+00	t	\N	f	t	10	palmary	\N
233dab8f-f158-484c-947b-56f1de2646f3	hafod	sss	3444	products/1738337227579.png	hghgh	\N	0	2025-01-08 08:59:58+00	2025-01-09 00:00:00+00	t	\N	f	t	5	bimo	\N
a0bc4696-603a-4238-9089-15cf969ce8e7	Ff bv	P77411	200	products/1738701881052.png	Gg vv	\N	190	2025-02-04 20:44:42.549065+00	2025-02-04 20:44:42.549065+00	f	\N	\N	\N	10	\N	\N
637b8bce-8ac3-4757-a833-b85afe9049e1	Mehdi	P78605	0.1	products/1739350945778.png	Mli7	c80a8e04-4fa2-4a98-8c6d-a67b6801f609	0	2025-02-12 09:02:32.451226+00	2025-02-12 09:02:32.451226+00	f	100000	t	t	1	\N	\N
8069fdd3-64dd-47d9-9d7d-a847c45d15a3	ساعة 	P15628	2000	products/1739206001297.png	قبل منتصف الليل بقليل كنت أكتب قصة، سمعت طرقات على باب البيت، ربما الجرس معطل، سألت بصوت مرتفع: من؟ جاء الرد بصوت غريب وكأنه مقبل من جهاز أو آلة: أنا جارك الجديد في العمارة، قبل ساعات رحلت وعائلتي إلى هنا، أريد قليلاً من السكر لو سمحت، فتحت الباب ووقفت وجه لوجه أمام رجل ملامحه غريبة، يبدو كدمية ضخمة، دفعني بيده إلى الداخل وأغلق الباب.	\N	45	2025-02-10 16:46:43.551741+00	2025-02-10 16:46:43.551741+00	f	\N	\N	\N	5	\N	5
b6bd371b-f436-4679-a3bb-d80e22dd3ab9	hafod2	hhh	20	products/1738337227579.png	Good	\N	0	2025-01-07 16:38:34+00	2025-01-21 20:36:37+00	t	22	t	t	0	bifa	10
f0b8140d-f9d8-4a1b-8928-afc1e1a9e89c	Sdsd	P22355	500	products/1738701752453.png	Gg	\N	288	2025-02-04 20:42:34.739415+00	2025-02-04 20:42:34.739415+00	f	\N	\N	\N	12	palmary	4
123e4567-e89b-12d3-a456-426614174103	Novel	BK98765	19.99	products/1738337227579.png	Best-selling fiction novel	\N	83	2025-01-28 19:43:14.916036+00	2025-01-28 19:43:14.916036+00	f	\N	f	f	17	bimo	\N
92d967ad-6b15-4084-99a4-192e6d5ea538	ÞÞÞÞ	P35899	5	products/1738337227579.png	 تكست هو اول موقع يسمح لزواره الكرام بتحويل الكتابة العربي الى كتابة مفهومة من قبل اغلب برامج التصميم مثل الفوتوشوب و الافترايفكتس و البريمير و 	\N	8	2025-01-26 14:48:27.834018+00	2025-01-26 14:48:27.834018+00	t	23	t	t	22	bimo	6
4877a965-3564-414e-9bcb-3ada551675ec	[Ð]Ð[]Ð[]	[[[[	500	products/1738337227579.png	Ð[]Ð[]Ð[]Ð[][Ð]	\N	521	2025-01-31 15:27:09.053384+00	2025-01-31 15:27:09.053384+00	f	\N	f	t	67	palmary	\N
\.


--
-- Data for Name: shipping_addresses; Type: TABLE DATA; Schema: public; Owner: -
--

COPY public.shipping_addresses (id, user_id, country, city, zip_code, shipping_address, created_at) FROM stdin;
e81bc87f-87b8-4193-92e5-b5ec9f486761	3710ab4a-84c9-4385-9d3a-9f81e5b6df06	Dz	Dz 	450	Agaga	2025-02-08 12:14:48.276+00
d10a0d98-d3e3-4d46-8e41-91a1cbbe4309	790a7241-4a2b-41a6-bcf3-f7cf36505ff5	الجزائر 	برج بوعريريج 	34000	لاقراف	2025-02-08 10:24:10.021+00
28192be0-af2f-4ab1-9273-11b7ae16713b	74d60eb1-3ba5-4f9d-9733-6c985d1fc749	اسبانيا	لندن	34000	راس الواد	2025-02-12 16:14:44.517014+00
\.


--
-- Data for Name: user_activity; Type: TABLE DATA; Schema: public; Owner: -
--

COPY public.user_activity (user_id, activity_type, "timestamp", created_at) FROM stdin;
74d60eb1-3ba5-4f9d-9733-6c985d1fc749	home_visit	2025-02-12 16:15:28.176+00	2025-02-12 13:36:37.352231+00
163cdf6c-2287-4f80-b460-850c965f2967	home_visit	2025-02-01 15:08:46.294+00	2025-02-01 13:43:59.851429+00
46b7c73f-7384-404d-ac85-3c58a88f5dba	home_visit	2025-02-03 14:13:24.609+00	2025-02-02 19:19:17.043856+00
3710ab4a-84c9-4385-9d3a-9f81e5b6df06	home_visit	2025-02-09 16:41:28.526+00	2025-02-08 12:13:02.336807+00
790a7241-4a2b-41a6-bcf3-f7cf36505ff5	home_visit	2025-02-13 20:41:46.613+00	2025-02-01 15:11:27.04068+00
\.


--
-- Data for Name: users; Type: TABLE DATA; Schema: public; Owner: -
--

COPY public.users (id, is_vip, is_admin, created_at, updated_at, first_name, last_name, phone_number, email, is_verified, phone_verified, expo_push_token) FROM stdin;
790a7241-4a2b-41a6-bcf3-f7cf36505ff5	t	f	2025-02-01 15:10:15.024073+00	2025-02-13 20:44:02.295+00	dd	ss	0542320499	tekfim1@gmail.com	t	f	ExponentPushToken[1b_3DCH_CgUVgsuRK17DZa]
163cdf6c-2287-4f80-b460-850c965f2967	f	t	2025-01-28 09:30:14.470866+00	2025-01-28 09:30:14.470866+00	hafod	mechri	0666616505	hafidmechri2@gmail.com	f	\N	\N
6a700ba3-0a82-4635-ae62-1c6f271352a6	f	f	2025-01-31 22:01:10.208762+00	2025-01-31 22:01:10.208762+00	Tttt		+213542320499	Ffggddfggff@gmail.com	f	f	\N
3dae1948-7198-4567-8d9b-afdc8526b9ec	f	f	2025-01-31 22:04:53.845448+00	2025-01-31 22:04:53.845448+00	Tttt		+213542320499	ddfggff@gmail.com	f	f	\N
4ef69c20-ca59-4066-8704-7df8f1287d20	t	f	2025-01-31 21:58:57.310145+00	2025-01-31 21:58:57.310145+00	Tttt		+213542320499	Ffggfggff@gmail.com	f	f	\N
5dd161a5-4cef-4a81-9707-a1f98014abdc	f	f	2025-02-02 17:08:37.076033+00	2025-02-02 17:08:37.076033+00	Ss	vv	0568952588	fdggfhhg@gmail.com	f	f	\N
2c0daf9d-6957-439a-8ddf-f0033224bfaf	f	f	2025-02-12 13:28:25.372351+00	2025-02-12 13:28:25.372351+00	Mehdi	chetioui	\N	bbabbaboss2003@gmail.com	f	f	\N
74d60eb1-3ba5-4f9d-9733-6c985d1fc749	t	f	2025-02-12 13:18:02.143514+00	2025-02-12 13:18:02.143514+00	ساعد	خوالفية	\N	saadsodbba@gmail.com	t	f	\N
550e8400-e29b-41d4-a716-446655440000	t	f	2025-01-28 20:09:26.622005+00	2025-01-28 20:09:26.622005+00	\N	\N	\N	user1@example.com	t	\N	\N
46b7c73f-7384-404d-ac85-3c58a88f5dba	t	f	2025-02-02 19:17:12.631884+00	2025-02-02 19:17:12.631884+00	Hafos2		\N	hafodchilbi@gmail.com	f	f	\N
550e8400-e29b-41d4-a716-446655440001	f	f	2025-01-28 20:09:26.622005+00	2025-01-28 20:09:26.622005+00	\N	\N	\N	user2@example.com	f	\N	\N
cb68b152-3add-4655-a6a3-dc5bb0b9c561	f	f	2025-02-13 19:01:15.223131+00	2025-02-13 19:01:15.223131+00	A	b	\N	abdnaserdeffaf@gmail.com	f	f	\N
a1db9679-defa-4383-af4a-09b599843b30	t	t	2025-02-02 17:31:30.604306+00	2025-02-02 17:31:30.604306+00	Gg	ff	0542320499	a0551105220@gmail.com	t	f	\N
c082dcda-0769-4e3b-934c-d69d7949f98a	f	t	2025-02-12 13:24:05.383788+00	2025-02-12 13:24:05.383788+00	مهدي	مهدي	\N	a0561493103@gmail.com	f	f	\N
32a798d3-bafd-4572-be8a-f6622504b97a	t	t	2025-01-27 15:56:33.233843+00	2025-02-13 20:34:23.397+00	MEHDI	CHETIOUI	\N	confiserie.chetioui@gmail.com	t	\N	ExponentPushToken[1b_3DCH_CgUVgsuRK17DZa]
3710ab4a-84c9-4385-9d3a-9f81e5b6df06	t	f	2025-02-08 12:12:30.727946+00	2025-02-08 12:12:30.727946+00	Dzdouz		0552689865	94f71445ec@emailawb.pro	t	f	\N
\.


--
-- Data for Name: wishlist; Type: TABLE DATA; Schema: public; Owner: -
--

COPY public.wishlist (id, created_at, user_id, product_id) FROM stdin;
58	2025-02-06 15:37:10.259116+00	790a7241-4a2b-41a6-bcf3-f7cf36505ff5	0fccdbce-e03d-4ebd-a27e-ecd8aba11b25
59	2025-02-06 15:37:14.076536+00	790a7241-4a2b-41a6-bcf3-f7cf36505ff5	233dab8f-f158-484c-947b-56f1de2646f3
60	2025-02-06 17:05:09.175754+00	790a7241-4a2b-41a6-bcf3-f7cf36505ff5	4877a965-3564-414e-9bcb-3ada551675ec
68	2025-02-10 15:56:09.37796+00	790a7241-4a2b-41a6-bcf3-f7cf36505ff5	92d967ad-6b15-4084-99a4-192e6d5ea538
69	2025-02-10 16:47:19.281796+00	790a7241-4a2b-41a6-bcf3-f7cf36505ff5	8069fdd3-64dd-47d9-9d7d-a847c45d15a3
70	2025-02-10 19:00:33.220573+00	790a7241-4a2b-41a6-bcf3-f7cf36505ff5	71546acf-4c69-4a71-9870-7df720acc731
35	2025-02-01 12:06:52.289977+00	163cdf6c-2287-4f80-b460-850c965f2967	f4f39298-929f-4781-bfb3-c7987f11791d
37	2025-02-01 12:13:41.488055+00	163cdf6c-2287-4f80-b460-850c965f2967	4877a965-3564-414e-9bcb-3ada551675ec
53	2025-02-03 21:27:04.011177+00	790a7241-4a2b-41a6-bcf3-f7cf36505ff5	6824ce0e-0037-4034-8b00-5c9ae40e7c84
\.


--
-- Name: banners_id_seq; Type: SEQUENCE SET; Schema: public; Owner: -
--

SELECT pg_catalog.setval('public.banners_id_seq', 10, true);


--
-- Name: order_items_order_item_id_seq; Type: SEQUENCE SET; Schema: public; Owner: -
--

SELECT pg_catalog.setval('public.order_items_order_item_id_seq', 166, true);


--
-- Name: order_status_logs_log_id_seq; Type: SEQUENCE SET; Schema: public; Owner: -
--

SELECT pg_catalog.setval('public.order_status_logs_log_id_seq', 199, true);


--
-- Name: orders_order_id_seq; Type: SEQUENCE SET; Schema: public; Owner: -
--

SELECT pg_catalog.setval('public.orders_order_id_seq', 113, true);


--
-- Name: wishlist_id_seq; Type: SEQUENCE SET; Schema: public; Owner: -
--

SELECT pg_catalog.setval('public.wishlist_id_seq', 71, true);


--
-- Name: banners banners_pkey; Type: CONSTRAINT; Schema: public; Owner: -
--

ALTER TABLE ONLY public.banners
    ADD CONSTRAINT banners_pkey PRIMARY KEY (id);


--
-- Name: cart_products cart_products_pkey; Type: CONSTRAINT; Schema: public; Owner: -
--

ALTER TABLE ONLY public.cart_products
    ADD CONSTRAINT cart_products_pkey PRIMARY KEY (id);


--
-- Name: cart_products cart_products_user_id_product_id_key; Type: CONSTRAINT; Schema: public; Owner: -
--

ALTER TABLE ONLY public.cart_products
    ADD CONSTRAINT cart_products_user_id_product_id_key UNIQUE (user_id, product_id);


--
-- Name: categories categories_pkey; Type: CONSTRAINT; Schema: public; Owner: -
--

ALTER TABLE ONLY public.categories
    ADD CONSTRAINT categories_pkey PRIMARY KEY (id);


--
-- Name: manual_order_items manual_order_items_pkey; Type: CONSTRAINT; Schema: public; Owner: -
--

ALTER TABLE ONLY public.manual_order_items
    ADD CONSTRAINT manual_order_items_pkey PRIMARY KEY (id);


--
-- Name: manual_orders manual_orders_pkey; Type: CONSTRAINT; Schema: public; Owner: -
--

ALTER TABLE ONLY public.manual_orders
    ADD CONSTRAINT manual_orders_pkey PRIMARY KEY (id);


--
-- Name: notification_by_admin notification_by_admin_pkey; Type: CONSTRAINT; Schema: public; Owner: -
--

ALTER TABLE ONLY public.notification_by_admin
    ADD CONSTRAINT notification_by_admin_pkey PRIMARY KEY (id);


--
-- Name: notifications notifications_pkey; Type: CONSTRAINT; Schema: public; Owner: -
--

ALTER TABLE ONLY public.notifications
    ADD CONSTRAINT notifications_pkey PRIMARY KEY (id);


--
-- Name: order_items order_items_pkey; Type: CONSTRAINT; Schema: public; Owner: -
--

ALTER TABLE ONLY public.order_items
    ADD CONSTRAINT order_items_pkey PRIMARY KEY (order_item_id);


--
-- Name: order_status_logs order_status_logs_pkey; Type: CONSTRAINT; Schema: public; Owner: -
--

ALTER TABLE ONLY public.order_status_logs
    ADD CONSTRAINT order_status_logs_pkey PRIMARY KEY (log_id);


--
-- Name: orders orders_pkey; Type: CONSTRAINT; Schema: public; Owner: -
--

ALTER TABLE ONLY public.orders
    ADD CONSTRAINT orders_pkey PRIMARY KEY (order_id);


--
-- Name: products products_pkey; Type: CONSTRAINT; Schema: public; Owner: -
--

ALTER TABLE ONLY public.products
    ADD CONSTRAINT products_pkey PRIMARY KEY (id);


--
-- Name: shipping_addresses shipping_addresses_pkey; Type: CONSTRAINT; Schema: public; Owner: -
--

ALTER TABLE ONLY public.shipping_addresses
    ADD CONSTRAINT shipping_addresses_pkey PRIMARY KEY (id);


--
-- Name: user_activity user_activity_pkey; Type: CONSTRAINT; Schema: public; Owner: -
--

ALTER TABLE ONLY public.user_activity
    ADD CONSTRAINT user_activity_pkey PRIMARY KEY (user_id);


--
-- Name: users users_pkey; Type: CONSTRAINT; Schema: public; Owner: -
--

ALTER TABLE ONLY public.users
    ADD CONSTRAINT users_pkey PRIMARY KEY (id);


--
-- Name: wishlist wishlist_pkey; Type: CONSTRAINT; Schema: public; Owner: -
--

ALTER TABLE ONLY public.wishlist
    ADD CONSTRAINT wishlist_pkey PRIMARY KEY (id);


--
-- Name: idx_notification_by_admin_user_id; Type: INDEX; Schema: public; Owner: -
--

CREATE INDEX idx_notification_by_admin_user_id ON public.notification_by_admin USING btree (user_id);


--
-- Name: idx_notifications_created_at; Type: INDEX; Schema: public; Owner: -
--

CREATE INDEX idx_notifications_created_at ON public.notifications USING btree (created_at);


--
-- Name: idx_notifications_sender; Type: INDEX; Schema: public; Owner: -
--

CREATE INDEX idx_notifications_sender ON public.notifications USING btree (sender_id);


--
-- Name: idx_notifications_status; Type: INDEX; Schema: public; Owner: -
--

CREATE INDEX idx_notifications_status ON public.notifications USING btree (status);


--
-- Name: idx_notifications_type; Type: INDEX; Schema: public; Owner: -
--

CREATE INDEX idx_notifications_type ON public.notifications USING btree (notification_type);


--
-- Name: notifications_user_id_idx; Type: INDEX; Schema: public; Owner: -
--

CREATE INDEX notifications_user_id_idx ON public.notifications USING btree (user_id);


--
-- Name: notifications update_notifications_updated_at; Type: TRIGGER; Schema: public; Owner: -
--

CREATE TRIGGER update_notifications_updated_at BEFORE UPDATE ON public.notifications FOR EACH ROW EXECUTE FUNCTION public.update_updated_at_column();


--
-- Name: cart_products cart_products_product_id_fkey; Type: FK CONSTRAINT; Schema: public; Owner: -
--

ALTER TABLE ONLY public.cart_products
    ADD CONSTRAINT cart_products_product_id_fkey FOREIGN KEY (product_id) REFERENCES public.products(id) ON DELETE CASCADE;


--
-- Name: cart_products cart_products_user_id_fkey; Type: FK CONSTRAINT; Schema: public; Owner: -
--

ALTER TABLE ONLY public.cart_products
    ADD CONSTRAINT cart_products_user_id_fkey FOREIGN KEY (user_id) REFERENCES public.users(id) ON DELETE CASCADE;


--
-- Name: manual_order_items manual_order_items_order_id_fkey; Type: FK CONSTRAINT; Schema: public; Owner: -
--

ALTER TABLE ONLY public.manual_order_items
    ADD CONSTRAINT manual_order_items_order_id_fkey FOREIGN KEY (order_id) REFERENCES public.manual_orders(id);


--
-- Name: manual_order_items manual_order_items_product_id_fkey; Type: FK CONSTRAINT; Schema: public; Owner: -
--

ALTER TABLE ONLY public.manual_order_items
    ADD CONSTRAINT manual_order_items_product_id_fkey FOREIGN KEY (product_id) REFERENCES public.products(id);


--
-- Name: notification_by_admin notification_by_admin_admin_id_fkey; Type: FK CONSTRAINT; Schema: public; Owner: -
--

ALTER TABLE ONLY public.notification_by_admin
    ADD CONSTRAINT notification_by_admin_admin_id_fkey FOREIGN KEY (admin_id) REFERENCES public.users(id);


--
-- Name: notification_by_admin notification_by_admin_user_id_fkey; Type: FK CONSTRAINT; Schema: public; Owner: -
--

ALTER TABLE ONLY public.notification_by_admin
    ADD CONSTRAINT notification_by_admin_user_id_fkey FOREIGN KEY (user_id) REFERENCES public.users(id);


--
-- Name: notifications notifications_sender_id_fkey; Type: FK CONSTRAINT; Schema: public; Owner: -
--

ALTER TABLE ONLY public.notifications
    ADD CONSTRAINT notifications_sender_id_fkey FOREIGN KEY (sender_id) REFERENCES public.users(id);


--
-- Name: notifications notifications_user_id_fkey; Type: FK CONSTRAINT; Schema: public; Owner: -
--

ALTER TABLE ONLY public.notifications
    ADD CONSTRAINT notifications_user_id_fkey FOREIGN KEY (user_id) REFERENCES public.users(id);


--
-- Name: order_items order_items_order_id_fkey; Type: FK CONSTRAINT; Schema: public; Owner: -
--

ALTER TABLE ONLY public.order_items
    ADD CONSTRAINT order_items_order_id_fkey FOREIGN KEY (order_id) REFERENCES public.orders(order_id) ON DELETE CASCADE;


--
-- Name: order_items order_items_product_id_fkey; Type: FK CONSTRAINT; Schema: public; Owner: -
--

ALTER TABLE ONLY public.order_items
    ADD CONSTRAINT order_items_product_id_fkey FOREIGN KEY (product_id) REFERENCES public.products(id) ON DELETE SET NULL;


--
-- Name: order_status_logs order_status_logs_order_id_fkey; Type: FK CONSTRAINT; Schema: public; Owner: -
--

ALTER TABLE ONLY public.order_status_logs
    ADD CONSTRAINT order_status_logs_order_id_fkey FOREIGN KEY (order_id) REFERENCES public.orders(order_id) ON DELETE CASCADE;


--
-- Name: orders orders_user_id_fkey; Type: FK CONSTRAINT; Schema: public; Owner: -
--

ALTER TABLE ONLY public.orders
    ADD CONSTRAINT orders_user_id_fkey FOREIGN KEY (user_id) REFERENCES public.users(id) ON DELETE CASCADE;


--
-- Name: products products_category_id_fkey; Type: FK CONSTRAINT; Schema: public; Owner: -
--

ALTER TABLE ONLY public.products
    ADD CONSTRAINT products_category_id_fkey FOREIGN KEY (category_id) REFERENCES public.categories(id) ON DELETE SET NULL;


--
-- Name: shipping_addresses shipping_addresses_user_id_fkey; Type: FK CONSTRAINT; Schema: public; Owner: -
--

ALTER TABLE ONLY public.shipping_addresses
    ADD CONSTRAINT shipping_addresses_user_id_fkey FOREIGN KEY (user_id) REFERENCES auth.users(id);


--
-- Name: user_activity user_activity_user_id_fkey; Type: FK CONSTRAINT; Schema: public; Owner: -
--

ALTER TABLE ONLY public.user_activity
    ADD CONSTRAINT user_activity_user_id_fkey FOREIGN KEY (user_id) REFERENCES public.users(id);


--
-- Name: users users_id_fkey; Type: FK CONSTRAINT; Schema: public; Owner: -
--

ALTER TABLE ONLY public.users
    ADD CONSTRAINT users_id_fkey FOREIGN KEY (id) REFERENCES auth.users(id) ON DELETE CASCADE;


--
-- Name: wishlist wishlist_product_id_fkey; Type: FK CONSTRAINT; Schema: public; Owner: -
--

ALTER TABLE ONLY public.wishlist
    ADD CONSTRAINT wishlist_product_id_fkey FOREIGN KEY (product_id) REFERENCES public.products(id);


--
-- Name: wishlist wishlist_user_id_fkey; Type: FK CONSTRAINT; Schema: public; Owner: -
--

ALTER TABLE ONLY public.wishlist
    ADD CONSTRAINT wishlist_user_id_fkey FOREIGN KEY (user_id) REFERENCES auth.users(id);


--
-- PostgreSQL database dump complete
--

